quadrat_key,submission_key,quadrat_number,herbs_present,all_unknown_unidentifiable,list_species_ids,n_list_species_form,additional_species_present,lat,lon,accuracy_m,image,comment,plot_name,review_state,population
uuid:599e04cf-832f-4535-8305-967918d12026/observations/quadrat_repeat[1],uuid:599e04cf-832f-4535-8305-967918d12026,1,yes,no,3c3ff64b-92fd-4d60-9022-63a7c599e108 e3454aa0-e2f6-495b-9aea-90847fdd1858,2,yes,0.2196134,37.4810664,2.4,1779867822715.jpg,,SavMon_LW_Plot_16,,retained
uuid:599e04cf-832f-4535-8305-967918d12026/observations/quadrat_repeat[2],uuid:599e04cf-832f-4535-8305-967918d12026,2,yes,no,f407986d-94a5-4fa9-a058-b9f183687960,1,yes,0.2196214,37.4810609,1.65,1779868056548.jpg,,SavMon_LW_Plot_16,,retained
uuid:599e04cf-832f-4535-8305-967918d12026/observations/quadrat_repeat[3],uuid:599e04cf-832f-4535-8305-967918d12026,3,yes,no,3c3ff64b-92fd-4d60-9022-63a7c599e108 e3454aa0-e2f6-495b-9aea-90847fdd1858,2,yes,0.2196333,37.4811243,3.1,1779868189471.jpg,,SavMon_LW_Plot_16,,retained
uuid:599e04cf-832f-4535-8305-967918d12026/observations/quadrat_repeat[4],uuid:599e04cf-832f-4535-8305-967918d12026,4,yes,no,8fb56826-0f75-4fd9-afc2-f995f704dbcf e3454aa0-e2f6-495b-9aea-90847fdd1858 3c3ff64b-92fd-4d60-9022-63a7c599e108,3,yes,0.219592,37.481161,2.9,1779868332712.jpg,,SavMon_LW_Plot_16,,retained
uuid:599e04cf-832f-4535-8305-967918d12026/observations/quadrat_repeat[5],uuid:599e04cf-832f-4535-8305-967918d12026,5,yes,no,e3454aa0-e2f6-495b-9aea-90847fdd1858 3c3ff64b-92fd-4d60-9022-63a7c599e108,2,yes,0.219561,37.481217,3.2,1779868804725.jpg,,SavMon_LW_Plot_16,,retained
uuid:599e04cf-832f-4535-8305-967918d12026/observations/quadrat_repeat[6],uuid:599e04cf-832f-4535-8305-967918d12026,6,yes,no,8fb56826-0f75-4fd9-afc2-f995f704dbcf,1,yes,0.2195852,37.48135,3.2,1779869023316.jpg,,SavMon_LW_Plot_16,,retained
uuid:599e04cf-832f-4535-8305-967918d12026/observations/quadrat_repeat[7],uuid:599e04cf-832f-4535-8305-967918d12026,7,yes,no,008f3da5-910b-4d85-a844-c5ab8b75fcd8 cdc30e17-bf4f-4243-9c0b-0698d69bc373,2,yes,0.2195408,37.4813202,4.3,1779869180655.jpg,,SavMon_LW_Plot_16,,retained
uuid:599e04cf-832f-4535-8305-967918d12026/observations/quadrat_repeat[8],uuid:599e04cf-832f-4535-8305-967918d12026,8,yes,no,e3454aa0-e2f6-495b-9aea-90847fdd1858 008f3da5-910b-4d85-a844-c5ab8b75fcd8,2,yes,0.2195781,37.4813206,3.3,1779869241450.jpg,,SavMon_LW_Plot_16,,retained
uuid:599e04cf-832f-4535-8305-967918d12026/observations/quadrat_repeat[9],uuid:599e04cf-832f-4535-8305-967918d12026,9,yes,no,008f3da5-910b-4d85-a844-c5ab8b75fcd8,1,yes,0.219577,37.4813717,2.6,1779869353131.jpg,,SavMon_LW_Plot_16,,retained
uuid:599e04cf-832f-4535-8305-967918d12026/observations/quadrat_repeat[10],uuid:599e04cf-832f-4535-8305-967918d12026,10,yes,no,008f3da5-910b-4d85-a844-c5ab8b75fcd8 e3454aa0-e2f6-495b-9aea-90847fdd1858,2,yes,0.2195871,37.4814846,3.5,1779869456161.jpg,,SavMon_LW_Plot_16,,retained
uuid:599e04cf-832f-4535-8305-967918d12026/observations/quadrat_repeat[11],uuid:599e04cf-832f-4535-8305-967918d12026,11,yes,no,e3454aa0-e2f6-495b-9aea-90847fdd1858 8fb56826-0f75-4fd9-afc2-f995f704dbcf,2,yes,0.2195415,37.48147,2.7,1779869608133.jpg,,SavMon_LW_Plot_16,,retained
uuid:599e04cf-832f-4535-8305-967918d12026/observations/quadrat_repeat[12],uuid:599e04cf-832f-4535-8305-967918d12026,12,yes,no,3c3ff64b-92fd-4d60-9022-63a7c599e108 918a4122-ccf7-4781-8448-7eae7aac7c44,2,yes,0.2195423,37.4813797,2.6,1779869704266.jpg,,SavMon_LW_Plot_16,,retained
uuid:599e04cf-832f-4535-8305-967918d12026/observations/quadrat_repeat[13],uuid:599e04cf-832f-4535-8305-967918d12026,13,yes,no,3c3ff64b-92fd-4d60-9022-63a7c599e108,1,yes,0.21953,37.4813736,3.4,1779869760693.jpg,,SavMon_LW_Plot_16,,retained
uuid:599e04cf-832f-4535-8305-967918d12026/observations/quadrat_repeat[14],uuid:599e04cf-832f-4535-8305-967918d12026,14,yes,no,e3454aa0-e2f6-495b-9aea-90847fdd1858 3c3ff64b-92fd-4d60-9022-63a7c599e108 cdc30e17-bf4f-4243-9c0b-0698d69bc373,3,yes,0.2195512,37.4813543,3.0,1779869884921.jpg,,SavMon_LW_Plot_16,,retained
uuid:599e04cf-832f-4535-8305-967918d12026/observations/quadrat_repeat[15],uuid:599e04cf-832f-4535-8305-967918d12026,15,yes,yes,,0,yes,0.219559,37.4812145,2.95,1779869971400.jpg,,SavMon_LW_Plot_16,,retained
uuid:599e04cf-832f-4535-8305-967918d12026/observations/quadrat_repeat[16],uuid:599e04cf-832f-4535-8305-967918d12026,16,yes,yes,,0,yes,0.2195259,37.4812171,3.1,1779870363094.jpg,,SavMon_LW_Plot_16,,retained
uuid:599e04cf-832f-4535-8305-967918d12026/observations/quadrat_repeat[17],uuid:599e04cf-832f-4535-8305-967918d12026,17,yes,no,3c3ff64b-92fd-4d60-9022-63a7c599e108 e3454aa0-e2f6-495b-9aea-90847fdd1858 42b6fdde-7193-48e4-8a16-488eae05fab9,3,yes,0.2195667,37.4811882,4.0,1779870495523.jpg,,SavMon_LW_Plot_16,,retained
uuid:599e04cf-832f-4535-8305-967918d12026/observations/quadrat_repeat[18],uuid:599e04cf-832f-4535-8305-967918d12026,18,yes,no,3c3ff64b-92fd-4d60-9022-63a7c599e108 cdc30e17-bf4f-4243-9c0b-0698d69bc373 e3454aa0-e2f6-495b-9aea-90847fdd1858 008f3da5-910b-4d85-a844-c5ab8b75fcd8,4,no,0.2195685,37.48117,3.6,1779870588555.jpg,,SavMon_LW_Plot_16,,retained
uuid:599e04cf-832f-4535-8305-967918d12026/observations/quadrat_repeat[19],uuid:599e04cf-832f-4535-8305-967918d12026,19,yes,no,e3454aa0-e2f6-495b-9aea-90847fdd1858 8fb56826-0f75-4fd9-afc2-f995f704dbcf 3c3ff64b-92fd-4d60-9022-63a7c599e108 cdc30e17-bf4f-4243-9c0b-0698d69bc373,4,yes,0.2196045,37.4810893,4.3,1779870648432.jpg,,SavMon_LW_Plot_16,,retained
uuid:599e04cf-832f-4535-8305-967918d12026/observations/quadrat_repeat[20],uuid:599e04cf-832f-4535-8305-967918d12026,20,yes,no,883b0fcc-8eea-4779-b237-22e299be16fc 3c3ff64b-92fd-4d60-9022-63a7c599e108 e3454aa0-e2f6-495b-9aea-90847fdd1858,3,yes,0.2195417,37.4810221,3.8,1779870730388.jpg,,SavMon_LW_Plot_16,,retained
uuid:c6cc7231-7af6-4bc5-b281-565c53f21763/observations/quadrat_repeat[1],uuid:c6cc7231-7af6-4bc5-b281-565c53f21763,1,yes,no,008f3da5-910b-4d85-a844-c5ab8b75fcd8,1,yes,0.2256285,37.4567051,4.65,1779799847425.jpg,,SavMon_LW_Plot_21,rejected,rejected
uuid:c6cc7231-7af6-4bc5-b281-565c53f21763/observations/quadrat_repeat[2],uuid:c6cc7231-7af6-4bc5-b281-565c53f21763,2,yes,no,008f3da5-910b-4d85-a844-c5ab8b75fcd8 883b0fcc-8eea-4779-b237-22e299be16fc,2,no,0.2256489,37.456765,3.8,1779799929559.jpg,,SavMon_LW_Plot_21,rejected,rejected
uuid:c6cc7231-7af6-4bc5-b281-565c53f21763/observations/quadrat_repeat[3],uuid:c6cc7231-7af6-4bc5-b281-565c53f21763,3,yes,no,008f3da5-910b-4d85-a844-c5ab8b75fcd8 02095f2b-f29e-40ef-a5df-74afebed7960 883b0fcc-8eea-4779-b237-22e299be16fc,3,yes,0.2257003,37.4567409,4.45,1779800036273.jpg,,SavMon_LW_Plot_21,rejected,rejected
uuid:c6cc7231-7af6-4bc5-b281-565c53f21763/observations/quadrat_repeat[4],uuid:c6cc7231-7af6-4bc5-b281-565c53f21763,4,yes,yes,,0,yes,0.2256408,37.4567273,4.233,1779800086963.jpg,,SavMon_LW_Plot_21,rejected,rejected
uuid:c6cc7231-7af6-4bc5-b281-565c53f21763/observations/quadrat_repeat[5],uuid:c6cc7231-7af6-4bc5-b281-565c53f21763,5,yes,no,02095f2b-f29e-40ef-a5df-74afebed7960 d28bc79a-42b8-4cf2-991b-acd944f819fa,2,yes,0.2255965,37.4569156,3.1,1779800179772.jpg,,SavMon_LW_Plot_21,rejected,rejected
uuid:c6cc7231-7af6-4bc5-b281-565c53f21763/observations/quadrat_repeat[6],uuid:c6cc7231-7af6-4bc5-b281-565c53f21763,6,yes,no,e3454aa0-e2f6-495b-9aea-90847fdd1858,1,yes,0.2256187,37.4569513,3.9,1779800260736.jpg,,SavMon_LW_Plot_21,rejected,rejected
uuid:c6cc7231-7af6-4bc5-b281-565c53f21763/observations/quadrat_repeat[7],uuid:c6cc7231-7af6-4bc5-b281-565c53f21763,7,yes,no,e3454aa0-e2f6-495b-9aea-90847fdd1858 3c3ff64b-92fd-4d60-9022-63a7c599e108 8fb56826-0f75-4fd9-afc2-f995f704dbcf,3,yes,0.2256126,37.456934,4.2,1779800314400.jpg,,SavMon_LW_Plot_21,rejected,rejected
uuid:c6cc7231-7af6-4bc5-b281-565c53f21763/observations/quadrat_repeat[8],uuid:c6cc7231-7af6-4bc5-b281-565c53f21763,8,yes,no,e3454aa0-e2f6-495b-9aea-90847fdd1858 f407986d-94a5-4fa9-a058-b9f183687960,2,yes,0.2255835,37.4570809,3.866,1779800365088.jpg,,SavMon_LW_Plot_21,rejected,rejected
uuid:c6cc7231-7af6-4bc5-b281-565c53f21763/observations/quadrat_repeat[9],uuid:c6cc7231-7af6-4bc5-b281-565c53f21763,9,yes,no,e3454aa0-e2f6-495b-9aea-90847fdd1858,1,yes,0.2255243,37.4570849,4.1,1779800413978.jpg,,SavMon_LW_Plot_21,rejected,rejected
uuid:c6cc7231-7af6-4bc5-b281-565c53f21763/observations/quadrat_repeat[10],uuid:c6cc7231-7af6-4bc5-b281-565c53f21763,10,yes,no,e3454aa0-e2f6-495b-9aea-90847fdd1858 c1a4c299-0f56-4c4b-92f9-b39be88b0291,2,yes,0.2254955,37.4571451,3.75,1779800494945.jpg,,SavMon_LW_Plot_21,rejected,rejected
uuid:c6cc7231-7af6-4bc5-b281-565c53f21763/observations/quadrat_repeat[11],uuid:c6cc7231-7af6-4bc5-b281-565c53f21763,11,yes,no,e3454aa0-e2f6-495b-9aea-90847fdd1858,1,yes,0.2254954,37.4571657,3.4,1779800536043.jpg,,SavMon_LW_Plot_21,rejected,rejected
uuid:c6cc7231-7af6-4bc5-b281-565c53f21763/observations/quadrat_repeat[12],uuid:c6cc7231-7af6-4bc5-b281-565c53f21763,12,yes,no,42b6fdde-7193-48e4-8a16-488eae05fab9 e3454aa0-e2f6-495b-9aea-90847fdd1858,2,yes,0.2254772,37.4570606,4.2,1779800580188.jpg,,SavMon_LW_Plot_21,rejected,rejected
uuid:c6cc7231-7af6-4bc5-b281-565c53f21763/observations/quadrat_repeat[13],uuid:c6cc7231-7af6-4bc5-b281-565c53f21763,13,yes,no,e3454aa0-e2f6-495b-9aea-90847fdd1858 42b6fdde-7193-48e4-8a16-488eae05fab9,2,yes,0.2254886,37.4569792,3.2,1779800678419.jpg,,SavMon_LW_Plot_21,rejected,rejected
uuid:c6cc7231-7af6-4bc5-b281-565c53f21763/observations/quadrat_repeat[14],uuid:c6cc7231-7af6-4bc5-b281-565c53f21763,14,yes,no,e3454aa0-e2f6-495b-9aea-90847fdd1858 3c3ff64b-92fd-4d60-9022-63a7c599e108,2,yes,0.225521,37.457005,4.4,1779800741742.jpg,,SavMon_LW_Plot_21,rejected,rejected
uuid:c6cc7231-7af6-4bc5-b281-565c53f21763/observations/quadrat_repeat[15],uuid:c6cc7231-7af6-4bc5-b281-565c53f21763,15,yes,no,8fb56826-0f75-4fd9-afc2-f995f704dbcf e3454aa0-e2f6-495b-9aea-90847fdd1858,2,yes,0.2255504,37.4569477,4.3,1779800837998.jpg,,SavMon_LW_Plot_21,rejected,rejected
uuid:c6cc7231-7af6-4bc5-b281-565c53f21763/observations/quadrat_repeat[16],uuid:c6cc7231-7af6-4bc5-b281-565c53f21763,16,yes,no,1dc71d7e-f47b-47f5-8dbb-7e82c9867534 008f3da5-910b-4d85-a844-c5ab8b75fcd8,2,yes,0.2255476,37.4569119,4.633,1779800901097.jpg,,SavMon_LW_Plot_21,rejected,rejected
uuid:c6cc7231-7af6-4bc5-b281-565c53f21763/observations/quadrat_repeat[17],uuid:c6cc7231-7af6-4bc5-b281-565c53f21763,17,yes,no,008f3da5-910b-4d85-a844-c5ab8b75fcd8 d28bc79a-42b8-4cf2-991b-acd944f819fa,2,yes,0.2255742,37.4569071,4.7,1779800963308.jpg,,SavMon_LW_Plot_21,rejected,rejected
uuid:c6cc7231-7af6-4bc5-b281-565c53f21763/observations/quadrat_repeat[18],uuid:c6cc7231-7af6-4bc5-b281-565c53f21763,18,yes,no,883b0fcc-8eea-4779-b237-22e299be16fc,1,yes,0.2254634,37.4568688,4.05,1779801014741.jpg,,SavMon_LW_Plot_21,rejected,rejected
uuid:c6cc7231-7af6-4bc5-b281-565c53f21763/observations/quadrat_repeat[19],uuid:c6cc7231-7af6-4bc5-b281-565c53f21763,19,yes,no,008f3da5-910b-4d85-a844-c5ab8b75fcd8,1,yes,0.2255895,37.4567621,4.35,1779801064165.jpg,,SavMon_LW_Plot_21,rejected,rejected
uuid:c6cc7231-7af6-4bc5-b281-565c53f21763/observations/quadrat_repeat[20],uuid:c6cc7231-7af6-4bc5-b281-565c53f21763,20,yes,no,5cc38ec9-36c1-4825-8985-275b3ac4eb8f 008f3da5-910b-4d85-a844-c5ab8b75fcd8,2,yes,0.2255876,37.4567467,3.8,1779801145616.jpg,,SavMon_LW_Plot_21,rejected,rejected
uuid:49d73df9-2d36-4a1e-aa29-6f94f23a7513/observations/quadrat_repeat[1],uuid:49d73df9-2d36-4a1e-aa29-6f94f23a7513,1,yes,no,008f3da5-910b-4d85-a844-c5ab8b75fcd8 883b0fcc-8eea-4779-b237-22e299be16fc,2,yes,0.2255892,37.4567434,3.3,1779781774236.jpg,,SavMon_LW_Plot_21,,retained
uuid:49d73df9-2d36-4a1e-aa29-6f94f23a7513/observations/quadrat_repeat[2],uuid:49d73df9-2d36-4a1e-aa29-6f94f23a7513,2,yes,no,42b6fdde-7193-48e4-8a16-488eae05fab9 883b0fcc-8eea-4779-b237-22e299be16fc 008f3da5-910b-4d85-a844-c5ab8b75fcd8,3,yes,0.2256391,37.456814,4.2,1779781949251.jpg,,SavMon_LW_Plot_21,,retained
uuid:49d73df9-2d36-4a1e-aa29-6f94f23a7513/observations/quadrat_repeat[3],uuid:49d73df9-2d36-4a1e-aa29-6f94f23a7513,3,yes,no,02095f2b-f29e-40ef-a5df-74afebed7960 883b0fcc-8eea-4779-b237-22e299be16fc 008f3da5-910b-4d85-a844-c5ab8b75fcd8 d28bc79a-42b8-4cf2-991b-acd944f819fa,4,yes,0.2256171,37.4568735,2.05,1779782285201.jpg,,SavMon_LW_Plot_21,,retained
uuid:49d73df9-2d36-4a1e-aa29-6f94f23a7513/observations/quadrat_repeat[4],uuid:49d73df9-2d36-4a1e-aa29-6f94f23a7513,4,yes,yes,,0,yes,0.2256478,37.4569092,2.4,1779782509249.jpg,,SavMon_LW_Plot_21,,retained
uuid:49d73df9-2d36-4a1e-aa29-6f94f23a7513/observations/quadrat_repeat[5],uuid:49d73df9-2d36-4a1e-aa29-6f94f23a7513,5,yes,no,02095f2b-f29e-40ef-a5df-74afebed7960,1,yes,0.2255784,37.4569336,2.0,1779782742732.jpg,,SavMon_LW_Plot_21,,retained
uuid:49d73df9-2d36-4a1e-aa29-6f94f23a7513/observations/quadrat_repeat[6],uuid:49d73df9-2d36-4a1e-aa29-6f94f23a7513,6,yes,no,e3454aa0-e2f6-495b-9aea-90847fdd1858 8fb56826-0f75-4fd9-afc2-f995f704dbcf 883b0fcc-8eea-4779-b237-22e299be16fc 4c3c1743-5505-4c19-8499-5f3f89bcc48f,4,yes,0.2256317,37.4569875,3.1,1779782868944.jpg,,SavMon_LW_Plot_21,,retained
uuid:49d73df9-2d36-4a1e-aa29-6f94f23a7513/observations/quadrat_repeat[7],uuid:49d73df9-2d36-4a1e-aa29-6f94f23a7513,7,yes,no,3c3ff64b-92fd-4d60-9022-63a7c599e108 e3454aa0-e2f6-495b-9aea-90847fdd1858,2,yes,0.2255892,37.4570585,2.35,1779783042249.jpg,,SavMon_LW_Plot_21,,retained
uuid:49d73df9-2d36-4a1e-aa29-6f94f23a7513/observations/quadrat_repeat[8],uuid:49d73df9-2d36-4a1e-aa29-6f94f23a7513,8,yes,no,e3454aa0-e2f6-495b-9aea-90847fdd1858 8fb56826-0f75-4fd9-afc2-f995f704dbcf,2,yes,0.2255794,37.457117,3.1,1779783283684.jpg,,SavMon_LW_Plot_21,,retained
uuid:49d73df9-2d36-4a1e-aa29-6f94f23a7513/observations/quadrat_repeat[9],uuid:49d73df9-2d36-4a1e-aa29-6f94f23a7513,9,yes,no,e3454aa0-e2f6-495b-9aea-90847fdd1858 42b6fdde-7193-48e4-8a16-488eae05fab9,2,yes,0.2255679,37.4571049,2.8,1779783750954.jpg,,SavMon_LW_Plot_21,,retained
uuid:49d73df9-2d36-4a1e-aa29-6f94f23a7513/observations/quadrat_repeat[10],uuid:49d73df9-2d36-4a1e-aa29-6f94f23a7513,10,yes,no,e3454aa0-e2f6-495b-9aea-90847fdd1858 cdc30e17-bf4f-4243-9c0b-0698d69bc373 c1a4c299-0f56-4c4b-92f9-b39be88b0291,3,yes,0.225622,37.4571945,2.95,1779783908104.jpg,,SavMon_LW_Plot_21,,retained
uuid:49d73df9-2d36-4a1e-aa29-6f94f23a7513/observations/quadrat_repeat[11],uuid:49d73df9-2d36-4a1e-aa29-6f94f23a7513,11,yes,no,e3454aa0-e2f6-495b-9aea-90847fdd1858 42b6fdde-7193-48e4-8a16-488eae05fab9,2,yes,0.2255534,37.4571277,2.7,1779784018327.jpg,,SavMon_LW_Plot_21,,retained
uuid:49d73df9-2d36-4a1e-aa29-6f94f23a7513/observations/quadrat_repeat[12],uuid:49d73df9-2d36-4a1e-aa29-6f94f23a7513,12,yes,no,e3454aa0-e2f6-495b-9aea-90847fdd1858 42b6fdde-7193-48e4-8a16-488eae05fab9 8fb56826-0f75-4fd9-afc2-f995f704dbcf,3,yes,0.2255124,37.4571154,3.65,1779784137685.jpg,,SavMon_LW_Plot_21,,retained
uuid:49d73df9-2d36-4a1e-aa29-6f94f23a7513/observations/quadrat_repeat[13],uuid:49d73df9-2d36-4a1e-aa29-6f94f23a7513,13,yes,no,883b0fcc-8eea-4779-b237-22e299be16fc 42b6fdde-7193-48e4-8a16-488eae05fab9 e3454aa0-e2f6-495b-9aea-90847fdd1858,3,yes,0.225529,37.4570685,2.8,1779784598643.jpg,,SavMon_LW_Plot_21,,retained
uuid:49d73df9-2d36-4a1e-aa29-6f94f23a7513/observations/quadrat_repeat[14],uuid:49d73df9-2d36-4a1e-aa29-6f94f23a7513,14,yes,no,e3454aa0-e2f6-495b-9aea-90847fdd1858 3c3ff64b-92fd-4d60-9022-63a7c599e108 cdc30e17-bf4f-4243-9c0b-0698d69bc373,3,yes,0.2255707,37.4569901,2.8,1779784720956.jpg,,SavMon_LW_Plot_21,,retained
uuid:49d73df9-2d36-4a1e-aa29-6f94f23a7513/observations/quadrat_repeat[15],uuid:49d73df9-2d36-4a1e-aa29-6f94f23a7513,15,yes,no,e3454aa0-e2f6-495b-9aea-90847fdd1858 8fb56826-0f75-4fd9-afc2-f995f704dbcf cdc30e17-bf4f-4243-9c0b-0698d69bc373,3,yes,0.2255521,37.456912,2.8,1779784898371.jpg,,SavMon_LW_Plot_21,,retained
uuid:49d73df9-2d36-4a1e-aa29-6f94f23a7513/observations/quadrat_repeat[16],uuid:49d73df9-2d36-4a1e-aa29-6f94f23a7513,16,yes,no,d28bc79a-42b8-4cf2-991b-acd944f819fa 008f3da5-910b-4d85-a844-c5ab8b75fcd8 fef04a86-9057-43e3-a920-1cc20a78d566,3,yes,0.2255661,37.4569004,2.6,1779785114473.jpg,,SavMon_LW_Plot_21,,retained
uuid:49d73df9-2d36-4a1e-aa29-6f94f23a7513/observations/quadrat_repeat[17],uuid:49d73df9-2d36-4a1e-aa29-6f94f23a7513,17,yes,no,008f3da5-910b-4d85-a844-c5ab8b75fcd8 d28bc79a-42b8-4cf2-991b-acd944f819fa,2,yes,0.2255758,37.4568484,3.3,1779785203592.jpg,,SavMon_LW_Plot_21,,retained
uuid:49d73df9-2d36-4a1e-aa29-6f94f23a7513/observations/quadrat_repeat[18],uuid:49d73df9-2d36-4a1e-aa29-6f94f23a7513,18,yes,no,883b0fcc-8eea-4779-b237-22e299be16fc 215c8636-1978-42aa-86a1-9c3b5962055b,2,yes,0.2256085,37.4568223,2.8,1779785281378.jpg,,SavMon_LW_Plot_21,,retained
uuid:49d73df9-2d36-4a1e-aa29-6f94f23a7513/observations/quadrat_repeat[19],uuid:49d73df9-2d36-4a1e-aa29-6f94f23a7513,19,yes,no,1dc71d7e-f47b-47f5-8dbb-7e82c9867534,1,no,0.2255604,37.4567484,2.85,1779785380619.jpg,,SavMon_LW_Plot_21,,retained
uuid:49d73df9-2d36-4a1e-aa29-6f94f23a7513/observations/quadrat_repeat[20],uuid:49d73df9-2d36-4a1e-aa29-6f94f23a7513,20,yes,no,918a4122-ccf7-4781-8448-7eae7aac7c44,1,yes,0.2255731,37.4567575,2.9,1779785480371.jpg,,SavMon_LW_Plot_21,,retained
uuid:cf362fbc-991a-4db1-8d49-6c1d29fd49c8/observations/quadrat_repeat[1],uuid:cf362fbc-991a-4db1-8d49-6c1d29fd49c8,1,yes,no,4c3c1743-5505-4c19-8499-5f3f89bcc48f 8fb56826-0f75-4fd9-afc2-f995f704dbcf,2,yes,0.2226181,37.438936,2.35,1779776708016.jpg,,SavMon_LW_Plot_18,,retained
uuid:cf362fbc-991a-4db1-8d49-6c1d29fd49c8/observations/quadrat_repeat[2],uuid:cf362fbc-991a-4db1-8d49-6c1d29fd49c8,2,yes,no,4c3c1743-5505-4c19-8499-5f3f89bcc48f 8fb56826-0f75-4fd9-afc2-f995f704dbcf 883b0fcc-8eea-4779-b237-22e299be16fc,3,yes,0.2225888,37.438985,3.7,1779776888292.jpg,,SavMon_LW_Plot_18,,retained
uuid:cf362fbc-991a-4db1-8d49-6c1d29fd49c8/observations/quadrat_repeat[3],uuid:cf362fbc-991a-4db1-8d49-6c1d29fd49c8,3,yes,no,f407986d-94a5-4fa9-a058-b9f183687960 4c3c1743-5505-4c19-8499-5f3f89bcc48f fef04a86-9057-43e3-a920-1cc20a78d566,3,yes,0.2225634,37.4389929,3.5,1779777263576.jpg,,SavMon_LW_Plot_18,,retained
uuid:cf362fbc-991a-4db1-8d49-6c1d29fd49c8/observations/quadrat_repeat[4],uuid:cf362fbc-991a-4db1-8d49-6c1d29fd49c8,4,yes,yes,,0,yes,0.2225399,37.4390628,2.3,1779777889284.jpg,,SavMon_LW_Plot_18,,retained
uuid:cf362fbc-991a-4db1-8d49-6c1d29fd49c8/observations/quadrat_repeat[5],uuid:cf362fbc-991a-4db1-8d49-6c1d29fd49c8,5,yes,no,fef04a86-9057-43e3-a920-1cc20a78d566,1,yes,0.2225511,37.4391239,3.4,1779778007795.jpg,,SavMon_LW_Plot_18,,retained
uuid:cf362fbc-991a-4db1-8d49-6c1d29fd49c8/observations/quadrat_repeat[6],uuid:cf362fbc-991a-4db1-8d49-6c1d29fd49c8,6,yes,no,fef04a86-9057-43e3-a920-1cc20a78d566 4c3c1743-5505-4c19-8499-5f3f89bcc48f,2,yes,0.2225178,37.439159,2.8,1779778202128.jpg,,SavMon_LW_Plot_18,,retained
uuid:cf362fbc-991a-4db1-8d49-6c1d29fd49c8/observations/quadrat_repeat[7],uuid:cf362fbc-991a-4db1-8d49-6c1d29fd49c8,7,yes,no,c1a4c299-0f56-4c4b-92f9-b39be88b0291 4c3c1743-5505-4c19-8499-5f3f89bcc48f,2,yes,0.2224523,37.4392416,3.1,1779778383939.jpg,,SavMon_LW_Plot_18,,retained
uuid:cf362fbc-991a-4db1-8d49-6c1d29fd49c8/observations/quadrat_repeat[8],uuid:cf362fbc-991a-4db1-8d49-6c1d29fd49c8,8,yes,yes,,0,yes,0.222517,37.4392372,3.4,1779778556464.jpg,,SavMon_LW_Plot_18,,retained
uuid:cf362fbc-991a-4db1-8d49-6c1d29fd49c8/observations/quadrat_repeat[9],uuid:cf362fbc-991a-4db1-8d49-6c1d29fd49c8,9,yes,no,7bad79fe-2bdc-435c-acab-1246afb4fc19,1,yes,0.2224676,37.4392577,2.55,1779778647372.jpg,,SavMon_LW_Plot_18,,retained
uuid:cf362fbc-991a-4db1-8d49-6c1d29fd49c8/observations/quadrat_repeat[10],uuid:cf362fbc-991a-4db1-8d49-6c1d29fd49c8,10,yes,no,7bad79fe-2bdc-435c-acab-1246afb4fc19,1,yes,0.2224482,37.4393593,2.8,1779778747831.jpg,,SavMon_LW_Plot_18,,retained
uuid:cf362fbc-991a-4db1-8d49-6c1d29fd49c8/observations/quadrat_repeat[11],uuid:cf362fbc-991a-4db1-8d49-6c1d29fd49c8,11,yes,no,008f3da5-910b-4d85-a844-c5ab8b75fcd8,1,yes,0.2224151,37.4393866,4.1,1779778842840.jpg,,SavMon_LW_Plot_18,,retained
uuid:cf362fbc-991a-4db1-8d49-6c1d29fd49c8/observations/quadrat_repeat[12],uuid:cf362fbc-991a-4db1-8d49-6c1d29fd49c8,12,yes,yes,,0,yes,0.2224134,37.4392698,2.55,1779778920568.jpg,,SavMon_LW_Plot_18,,retained
uuid:cf362fbc-991a-4db1-8d49-6c1d29fd49c8/observations/quadrat_repeat[13],uuid:cf362fbc-991a-4db1-8d49-6c1d29fd49c8,13,yes,yes,,0,yes,0.2224274,37.4392596,3.95,1779779032153.jpg,,SavMon_LW_Plot_18,,retained
uuid:cf362fbc-991a-4db1-8d49-6c1d29fd49c8/observations/quadrat_repeat[14],uuid:cf362fbc-991a-4db1-8d49-6c1d29fd49c8,14,yes,yes,,0,yes,0.2225088,37.4391954,2.6,1779779134613.jpg,,SavMon_LW_Plot_18,,retained
uuid:cf362fbc-991a-4db1-8d49-6c1d29fd49c8/observations/quadrat_repeat[15],uuid:cf362fbc-991a-4db1-8d49-6c1d29fd49c8,15,yes,no,4c3c1743-5505-4c19-8499-5f3f89bcc48f,1,yes,0.2224983,37.4391878,2.9,1779779216845.jpg,,SavMon_LW_Plot_18,,retained
uuid:cf362fbc-991a-4db1-8d49-6c1d29fd49c8/observations/quadrat_repeat[16],uuid:cf362fbc-991a-4db1-8d49-6c1d29fd49c8,16,yes,no,8fb56826-0f75-4fd9-afc2-f995f704dbcf,1,yes,0.2225133,37.4391133,2.45,1779779293750.jpg,,SavMon_LW_Plot_18,,retained
uuid:cf362fbc-991a-4db1-8d49-6c1d29fd49c8/observations/quadrat_repeat[17],uuid:cf362fbc-991a-4db1-8d49-6c1d29fd49c8,17,yes,no,4c3c1743-5505-4c19-8499-5f3f89bcc48f db3a7687-15f8-4b28-875a-6d5012afcc88,2,yes,0.22254,37.4390333,4.7,1779779446984.jpg,,SavMon_LW_Plot_18,,retained
uuid:cf362fbc-991a-4db1-8d49-6c1d29fd49c8/observations/quadrat_repeat[18],uuid:cf362fbc-991a-4db1-8d49-6c1d29fd49c8,18,yes,no,4c3c1743-5505-4c19-8499-5f3f89bcc48f cdc30e17-bf4f-4243-9c0b-0698d69bc373 42b6fdde-7193-48e4-8a16-488eae05fab9,3,yes,0.2225616,37.4389783,2.2,1779779600833.jpg,,SavMon_LW_Plot_18,,retained
uuid:cf362fbc-991a-4db1-8d49-6c1d29fd49c8/observations/quadrat_repeat[19],uuid:cf362fbc-991a-4db1-8d49-6c1d29fd49c8,19,yes,no,4c3c1743-5505-4c19-8499-5f3f89bcc48f,1,yes,0.2225157,37.4389515,3.3,1779779686803.jpg,,SavMon_LW_Plot_18,,retained
uuid:cf362fbc-991a-4db1-8d49-6c1d29fd49c8/observations/quadrat_repeat[20],uuid:cf362fbc-991a-4db1-8d49-6c1d29fd49c8,20,yes,no,4c3c1743-5505-4c19-8499-5f3f89bcc48f,1,yes,0.2225911,37.4388781,3.0,1779779772655.jpg,,SavMon_LW_Plot_18,,retained
uuid:9e1251bb-84c1-4b7a-a8bb-bafcf7afc82c/observations/quadrat_repeat[1],uuid:9e1251bb-84c1-4b7a-a8bb-bafcf7afc82c,1,yes,no,42b6fdde-7193-48e4-8a16-488eae05fab9,1,yes,0.2224588,37.4663725,4.76,1779802617545.jpg,,SavMon_LW_Plot_11,,retained
uuid:9e1251bb-84c1-4b7a-a8bb-bafcf7afc82c/observations/quadrat_repeat[2],uuid:9e1251bb-84c1-4b7a-a8bb-bafcf7afc82c,2,yes,no,42b6fdde-7193-48e4-8a16-488eae05fab9,1,yes,0.2224181,37.4663807,3.8,1779803009923.jpg,,SavMon_LW_Plot_11,,retained
uuid:9e1251bb-84c1-4b7a-a8bb-bafcf7afc82c/observations/quadrat_repeat[3],uuid:9e1251bb-84c1-4b7a-a8bb-bafcf7afc82c,3,yes,no,f407986d-94a5-4fa9-a058-b9f183687960,1,yes,0.2223647,37.466464,3.5,1779803554869.jpg,,SavMon_LW_Plot_11,,retained
uuid:9e1251bb-84c1-4b7a-a8bb-bafcf7afc82c/observations/quadrat_repeat[4],uuid:9e1251bb-84c1-4b7a-a8bb-bafcf7afc82c,4,yes,yes,,0,yes,0.2226705,37.4664381,4.6,1779803758299.jpg,,SavMon_LW_Plot_11,,retained
uuid:9e1251bb-84c1-4b7a-a8bb-bafcf7afc82c/observations/quadrat_repeat[5],uuid:9e1251bb-84c1-4b7a-a8bb-bafcf7afc82c,5,yes,no,f407986d-94a5-4fa9-a058-b9f183687960,1,yes,0.2224417,37.4666096,3.7,1779803889836.jpg,,SavMon_LW_Plot_11,,retained
uuid:9e1251bb-84c1-4b7a-a8bb-bafcf7afc82c/observations/quadrat_repeat[6],uuid:9e1251bb-84c1-4b7a-a8bb-bafcf7afc82c,6,yes,yes,,0,yes,0.2224135,37.4666077,4.95,1779804016764.jpg,,SavMon_LW_Plot_11,,retained
uuid:9e1251bb-84c1-4b7a-a8bb-bafcf7afc82c/observations/quadrat_repeat[7],uuid:9e1251bb-84c1-4b7a-a8bb-bafcf7afc82c,7,yes,no,8fb56826-0f75-4fd9-afc2-f995f704dbcf c1a4c299-0f56-4c4b-92f9-b39be88b0291,2,yes,0.222313,37.4666207,3.9,1779804148784.jpg,,SavMon_LW_Plot_11,,retained
uuid:9e1251bb-84c1-4b7a-a8bb-bafcf7afc82c/observations/quadrat_repeat[8],uuid:9e1251bb-84c1-4b7a-a8bb-bafcf7afc82c,8,yes,yes,,0,yes,0.2223499,37.4666474,4.75,1779804329223.jpg,,SavMon_LW_Plot_11,,retained
uuid:9e1251bb-84c1-4b7a-a8bb-bafcf7afc82c/observations/quadrat_repeat[9],uuid:9e1251bb-84c1-4b7a-a8bb-bafcf7afc82c,9,yes,yes,,0,yes,0.222332,37.466685,4.55,1779804428191.jpg,,SavMon_LW_Plot_11,,retained
uuid:9e1251bb-84c1-4b7a-a8bb-bafcf7afc82c/observations/quadrat_repeat[10],uuid:9e1251bb-84c1-4b7a-a8bb-bafcf7afc82c,10,yes,yes,,0,yes,0.2223063,37.4667361,4.233,1779804511793.jpg,,SavMon_LW_Plot_11,,retained
uuid:9e1251bb-84c1-4b7a-a8bb-bafcf7afc82c/observations/quadrat_repeat[11],uuid:9e1251bb-84c1-4b7a-a8bb-bafcf7afc82c,11,yes,no,fef04a86-9057-43e3-a920-1cc20a78d566 e3454aa0-e2f6-495b-9aea-90847fdd1858,2,yes,0.2223042,37.4667261,3.8,1779804603214.jpg,,SavMon_LW_Plot_11,,retained
uuid:9e1251bb-84c1-4b7a-a8bb-bafcf7afc82c/observations/quadrat_repeat[12],uuid:9e1251bb-84c1-4b7a-a8bb-bafcf7afc82c,12,yes,no,fef04a86-9057-43e3-a920-1cc20a78d566,1,yes,0.2222898,37.4667774,3.9,1779804733515.jpg,,SavMon_LW_Plot_11,,retained
uuid:9e1251bb-84c1-4b7a-a8bb-bafcf7afc82c/observations/quadrat_repeat[13],uuid:9e1251bb-84c1-4b7a-a8bb-bafcf7afc82c,13,yes,no,42b6fdde-7193-48e4-8a16-488eae05fab9,1,yes,0.2222972,37.4666929,3.2,1779804821357.jpg,,SavMon_LW_Plot_11,,retained
uuid:9e1251bb-84c1-4b7a-a8bb-bafcf7afc82c/observations/quadrat_repeat[14],uuid:9e1251bb-84c1-4b7a-a8bb-bafcf7afc82c,14,yes,no,fef04a86-9057-43e3-a920-1cc20a78d566 c1a4c299-0f56-4c4b-92f9-b39be88b0291,2,yes,0.2222211,37.4666448,4.85,1779804973501.jpg,,SavMon_LW_Plot_11,,retained
uuid:9e1251bb-84c1-4b7a-a8bb-bafcf7afc82c/observations/quadrat_repeat[15],uuid:9e1251bb-84c1-4b7a-a8bb-bafcf7afc82c,15,yes,no,db3a7687-15f8-4b28-875a-6d5012afcc88 8fb56826-0f75-4fd9-afc2-f995f704dbcf 4c3c1743-5505-4c19-8499-5f3f89bcc48f,3,yes,0.2223047,37.4665829,2.8,1779805058490.jpg,,SavMon_LW_Plot_11,,retained
uuid:9e1251bb-84c1-4b7a-a8bb-bafcf7afc82c/observations/quadrat_repeat[16],uuid:9e1251bb-84c1-4b7a-a8bb-bafcf7afc82c,16,yes,yes,,0,yes,0.2223178,37.4665487,3.1,1779805115084.jpg,,SavMon_LW_Plot_11,,retained
uuid:9e1251bb-84c1-4b7a-a8bb-bafcf7afc82c/observations/quadrat_repeat[17],uuid:9e1251bb-84c1-4b7a-a8bb-bafcf7afc82c,17,yes,no,42b6fdde-7193-48e4-8a16-488eae05fab9,1,yes,0.2223426,37.466509,3.0,1779805189419.jpg,,SavMon_LW_Plot_11,,retained
uuid:9e1251bb-84c1-4b7a-a8bb-bafcf7afc82c/observations/quadrat_repeat[18],uuid:9e1251bb-84c1-4b7a-a8bb-bafcf7afc82c,18,yes,no,883b0fcc-8eea-4779-b237-22e299be16fc,1,yes,0.2224073,37.4664574,4.4,1779805287788.jpg,,SavMon_LW_Plot_11,,retained
uuid:9e1251bb-84c1-4b7a-a8bb-bafcf7afc82c/observations/quadrat_repeat[19],uuid:9e1251bb-84c1-4b7a-a8bb-bafcf7afc82c,19,yes,no,42b6fdde-7193-48e4-8a16-488eae05fab9 8fb56826-0f75-4fd9-afc2-f995f704dbcf,2,yes,0.2223648,37.4663512,2.9,1779805373387.jpg,,SavMon_LW_Plot_11,,retained
uuid:9e1251bb-84c1-4b7a-a8bb-bafcf7afc82c/observations/quadrat_repeat[20],uuid:9e1251bb-84c1-4b7a-a8bb-bafcf7afc82c,20,yes,yes,,0,yes,0.2223761,37.4663679,3.6,1779805505013.jpg,,SavMon_LW_Plot_11,,retained
uuid:81e3bc36-700f-465d-a1aa-48ebed04a78c/observations/quadrat_repeat[1],uuid:81e3bc36-700f-465d-a1aa-48ebed04a78c,1,yes,no,f407986d-94a5-4fa9-a058-b9f183687960 8fb56826-0f75-4fd9-afc2-f995f704dbcf,2,yes,0.2226758,37.4389567,3.6,1779797694492.jpg,,SavMon_LW_Plot_18,rejected,rejected
uuid:81e3bc36-700f-465d-a1aa-48ebed04a78c/observations/quadrat_repeat[2],uuid:81e3bc36-700f-465d-a1aa-48ebed04a78c,2,yes,no,4c3c1743-5505-4c19-8499-5f3f89bcc48f,1,yes,0.2225391,37.4389401,3.6,1779797842956.jpg,,SavMon_LW_Plot_18,rejected,rejected
uuid:81e3bc36-700f-465d-a1aa-48ebed04a78c/observations/quadrat_repeat[3],uuid:81e3bc36-700f-465d-a1aa-48ebed04a78c,3,yes,no,f407986d-94a5-4fa9-a058-b9f183687960 4c3c1743-5505-4c19-8499-5f3f89bcc48f 7bad79fe-2bdc-435c-acab-1246afb4fc19 1dc71d7e-f47b-47f5-8dbb-7e82c9867534 42b6fdde-7193-48e4-8a16-488eae05fab9,5,yes,0.2225611,37.4389533,3.2,1779797969942.jpg,,SavMon_LW_Plot_18,rejected,rejected
uuid:81e3bc36-700f-465d-a1aa-48ebed04a78c/observations/quadrat_repeat[4],uuid:81e3bc36-700f-465d-a1aa-48ebed04a78c,4,yes,no,4c3c1743-5505-4c19-8499-5f3f89bcc48f,1,yes,0.2225582,37.4390056,2.95,1779798085118.jpg,,SavMon_LW_Plot_18,rejected,rejected
uuid:81e3bc36-700f-465d-a1aa-48ebed04a78c/observations/quadrat_repeat[5],uuid:81e3bc36-700f-465d-a1aa-48ebed04a78c,5,yes,yes,,0,yes,0.2225617,37.4391021,3.8,1779798119794.jpg,,SavMon_LW_Plot_18,rejected,rejected
uuid:81e3bc36-700f-465d-a1aa-48ebed04a78c/observations/quadrat_repeat[6],uuid:81e3bc36-700f-465d-a1aa-48ebed04a78c,6,yes,no,4c3c1743-5505-4c19-8499-5f3f89bcc48f,1,yes,0.2224912,37.4391634,3.55,1779798170946.jpg,,SavMon_LW_Plot_18,rejected,rejected
uuid:81e3bc36-700f-465d-a1aa-48ebed04a78c/observations/quadrat_repeat[7],uuid:81e3bc36-700f-465d-a1aa-48ebed04a78c,7,yes,no,c1a4c299-0f56-4c4b-92f9-b39be88b0291 4c3c1743-5505-4c19-8499-5f3f89bcc48f,2,yes,0.222545,37.439158,3.5,1779798208370.jpg,,SavMon_LW_Plot_18,rejected,rejected
uuid:81e3bc36-700f-465d-a1aa-48ebed04a78c/observations/quadrat_repeat[8],uuid:81e3bc36-700f-465d-a1aa-48ebed04a78c,8,yes,yes,,0,yes,0.2225375,37.4392463,4.2,1779798293576.jpg,,SavMon_LW_Plot_18,rejected,rejected
uuid:81e3bc36-700f-465d-a1aa-48ebed04a78c/observations/quadrat_repeat[9],uuid:81e3bc36-700f-465d-a1aa-48ebed04a78c,9,yes,yes,,0,yes,0.2224574,37.439234,4.433,1779798341948.jpg,,SavMon_LW_Plot_18,rejected,rejected
uuid:81e3bc36-700f-465d-a1aa-48ebed04a78c/observations/quadrat_repeat[10],uuid:81e3bc36-700f-465d-a1aa-48ebed04a78c,10,yes,no,7bad79fe-2bdc-435c-acab-1246afb4fc19,1,yes,0.2224495,37.4392911,4.7,1779798396444.jpg,,SavMon_LW_Plot_18,rejected,rejected
uuid:81e3bc36-700f-465d-a1aa-48ebed04a78c/observations/quadrat_repeat[11],uuid:81e3bc36-700f-465d-a1aa-48ebed04a78c,11,yes,yes,,0,yes,0.2224802,37.4393195,3.4,1779798450976.jpg,,SavMon_LW_Plot_18,rejected,rejected
uuid:81e3bc36-700f-465d-a1aa-48ebed04a78c/observations/quadrat_repeat[12],uuid:81e3bc36-700f-465d-a1aa-48ebed04a78c,12,yes,no,db3a7687-15f8-4b28-875a-6d5012afcc88,1,yes,0.2224737,37.4393254,3.35,1779798503104.jpg,,SavMon_LW_Plot_18,rejected,rejected
uuid:81e3bc36-700f-465d-a1aa-48ebed04a78c/observations/quadrat_repeat[13],uuid:81e3bc36-700f-465d-a1aa-48ebed04a78c,13,yes,yes,,0,yes,0.2224456,37.4391885,4.433,1779798554130.jpg,,SavMon_LW_Plot_18,rejected,rejected
uuid:81e3bc36-700f-465d-a1aa-48ebed04a78c/observations/quadrat_repeat[14],uuid:81e3bc36-700f-465d-a1aa-48ebed04a78c,14,yes,yes,,0,yes,0.2224296,37.4391566,4.9,1779798647737.jpg,,SavMon_LW_Plot_18,rejected,rejected
uuid:81e3bc36-700f-465d-a1aa-48ebed04a78c/observations/quadrat_repeat[15],uuid:81e3bc36-700f-465d-a1aa-48ebed04a78c,15,yes,no,4c3c1743-5505-4c19-8499-5f3f89bcc48f,1,yes,0.2224943,37.4391512,4.15,1779798744482.jpg,,SavMon_LW_Plot_18,rejected,rejected
uuid:81e3bc36-700f-465d-a1aa-48ebed04a78c/observations/quadrat_repeat[16],uuid:81e3bc36-700f-465d-a1aa-48ebed04a78c,16,yes,no,8fb56826-0f75-4fd9-afc2-f995f704dbcf,1,yes,0.2225143,37.4391041,3.7,1779798794965.jpg,,SavMon_LW_Plot_18,rejected,rejected
uuid:81e3bc36-700f-465d-a1aa-48ebed04a78c/observations/quadrat_repeat[17],uuid:81e3bc36-700f-465d-a1aa-48ebed04a78c,17,yes,no,4c3c1743-5505-4c19-8499-5f3f89bcc48f db3a7687-15f8-4b28-875a-6d5012afcc88 8fb56826-0f75-4fd9-afc2-f995f704dbcf,3,yes,0.222454,37.4390969,2.85,1779798914088.jpg,,SavMon_LW_Plot_18,rejected,rejected
uuid:81e3bc36-700f-465d-a1aa-48ebed04a78c/observations/quadrat_repeat[18],uuid:81e3bc36-700f-465d-a1aa-48ebed04a78c,18,yes,no,4c3c1743-5505-4c19-8499-5f3f89bcc48f,1,yes,0.2225194,37.4389987,4.9,1779798970307.jpg,,SavMon_LW_Plot_18,rejected,rejected
uuid:81e3bc36-700f-465d-a1aa-48ebed04a78c/observations/quadrat_repeat[19],uuid:81e3bc36-700f-465d-a1aa-48ebed04a78c,19,yes,no,4c3c1743-5505-4c19-8499-5f3f89bcc48f 42b6fdde-7193-48e4-8a16-488eae05fab9,2,yes,0.2224873,37.4389093,4.033,1779799048883.jpg,,SavMon_LW_Plot_18,rejected,rejected
uuid:81e3bc36-700f-465d-a1aa-48ebed04a78c/observations/quadrat_repeat[20],uuid:81e3bc36-700f-465d-a1aa-48ebed04a78c,20,yes,no,fef04a86-9057-43e3-a920-1cc20a78d566 4c3c1743-5505-4c19-8499-5f3f89bcc48f,2,yes,0.2225619,37.4389118,3.2,1779799139024.jpg,,SavMon_LW_Plot_18,rejected,rejected
uuid:938c15e5-c942-49aa-8e6d-9633189870ff/observations/quadrat_repeat[1],uuid:938c15e5-c942-49aa-8e6d-9633189870ff,1,yes,no,f407986d-94a5-4fa9-a058-b9f183687960,1,yes,0.2267145,37.4604974,2.5,1779789548398.jpg,,SavMon_LW_Plot_29,,retained
uuid:938c15e5-c942-49aa-8e6d-9633189870ff/observations/quadrat_repeat[2],uuid:938c15e5-c942-49aa-8e6d-9633189870ff,2,yes,no,f407986d-94a5-4fa9-a058-b9f183687960 4c3c1743-5505-4c19-8499-5f3f89bcc48f 1dc71d7e-f47b-47f5-8dbb-7e82c9867534,3,yes,0.2267018,37.4605889,2.45,1779789623961.jpg,,SavMon_LW_Plot_29,,retained
uuid:938c15e5-c942-49aa-8e6d-9633189870ff/observations/quadrat_repeat[3],uuid:938c15e5-c942-49aa-8e6d-9633189870ff,3,yes,no,f407986d-94a5-4fa9-a058-b9f183687960,1,yes,0.2267346,37.4606793,2.9,1779789721956.jpg,,SavMon_LW_Plot_29,,retained
uuid:938c15e5-c942-49aa-8e6d-9633189870ff/observations/quadrat_repeat[4],uuid:938c15e5-c942-49aa-8e6d-9633189870ff,4,yes,no,db3a7687-15f8-4b28-875a-6d5012afcc88 4c3c1743-5505-4c19-8499-5f3f89bcc48f,2,yes,0.2266417,37.4607245,2.0,1779789886562.jpg,",",SavMon_LW_Plot_29,,retained
uuid:938c15e5-c942-49aa-8e6d-9633189870ff/observations/quadrat_repeat[5],uuid:938c15e5-c942-49aa-8e6d-9633189870ff,5,yes,yes,,0,yes,0.2266506,37.4606886,2.3,1779790179191.jpg,,SavMon_LW_Plot_29,,retained
uuid:938c15e5-c942-49aa-8e6d-9633189870ff/observations/quadrat_repeat[6],uuid:938c15e5-c942-49aa-8e6d-9633189870ff,6,yes,no,db3a7687-15f8-4b28-875a-6d5012afcc88,1,yes,0.2265879,37.460756,3.8,1779790249692.jpg,,SavMon_LW_Plot_29,,retained
uuid:938c15e5-c942-49aa-8e6d-9633189870ff/observations/quadrat_repeat[7],uuid:938c15e5-c942-49aa-8e6d-9633189870ff,7,yes,no,c1a4c299-0f56-4c4b-92f9-b39be88b0291 7bad79fe-2bdc-435c-acab-1246afb4fc19,2,yes,0.2266179,37.4607637,4.9,1779790370365.jpg,,SavMon_LW_Plot_29,,retained
uuid:938c15e5-c942-49aa-8e6d-9633189870ff/observations/quadrat_repeat[8],uuid:938c15e5-c942-49aa-8e6d-9633189870ff,8,yes,no,f407986d-94a5-4fa9-a058-b9f183687960 cdc30e17-bf4f-4243-9c0b-0698d69bc373 883b0fcc-8eea-4779-b237-22e299be16fc,3,yes,0.2266265,37.4608939,2.15,1779790474541.jpg,,SavMon_LW_Plot_29,,retained
uuid:938c15e5-c942-49aa-8e6d-9633189870ff/observations/quadrat_repeat[9],uuid:938c15e5-c942-49aa-8e6d-9633189870ff,9,yes,no,7bad79fe-2bdc-435c-acab-1246afb4fc19 f407986d-94a5-4fa9-a058-b9f183687960 c1a4c299-0f56-4c4b-92f9-b39be88b0291,3,yes,0.2265991,37.4609401,2.8,1779790533911.jpg,,SavMon_LW_Plot_29,,retained
uuid:938c15e5-c942-49aa-8e6d-9633189870ff/observations/quadrat_repeat[10],uuid:938c15e5-c942-49aa-8e6d-9633189870ff,10,yes,no,e3454aa0-e2f6-495b-9aea-90847fdd1858 f407986d-94a5-4fa9-a058-b9f183687960,2,yes,0.2265666,37.4609761,2.9,1779790614509.jpg,,SavMon_LW_Plot_29,,retained
uuid:938c15e5-c942-49aa-8e6d-9633189870ff/observations/quadrat_repeat[11],uuid:938c15e5-c942-49aa-8e6d-9633189870ff,11,yes,no,c1a4c299-0f56-4c4b-92f9-b39be88b0291,1,yes,0.2265299,37.460967,3.05,1779790669208.jpg,,SavMon_LW_Plot_29,,retained
uuid:938c15e5-c942-49aa-8e6d-9633189870ff/observations/quadrat_repeat[12],uuid:938c15e5-c942-49aa-8e6d-9633189870ff,12,yes,no,f407986d-94a5-4fa9-a058-b9f183687960 7bad79fe-2bdc-435c-acab-1246afb4fc19 db3a7687-15f8-4b28-875a-6d5012afcc88,3,yes,0.2265043,37.4609367,2.45,1779790774149.jpg,,SavMon_LW_Plot_29,,retained
uuid:938c15e5-c942-49aa-8e6d-9633189870ff/observations/quadrat_repeat[13],uuid:938c15e5-c942-49aa-8e6d-9633189870ff,13,yes,no,db3a7687-15f8-4b28-875a-6d5012afcc88,1,yes,0.2265223,37.460817,3.1,1779790844711.jpg,,SavMon_LW_Plot_29,,retained
uuid:938c15e5-c942-49aa-8e6d-9633189870ff/observations/quadrat_repeat[14],uuid:938c15e5-c942-49aa-8e6d-9633189870ff,14,yes,no,f407986d-94a5-4fa9-a058-b9f183687960,1,yes,0.2266315,37.4608847,3.85,1779790951388.jpg,,SavMon_LW_Plot_29,,retained
uuid:938c15e5-c942-49aa-8e6d-9633189870ff/observations/quadrat_repeat[15],uuid:938c15e5-c942-49aa-8e6d-9633189870ff,15,yes,no,db3a7687-15f8-4b28-875a-6d5012afcc88,1,yes,0.2266337,37.4607606,4.25,1779791034087.jpg,,SavMon_LW_Plot_29,,retained
uuid:938c15e5-c942-49aa-8e6d-9633189870ff/observations/quadrat_repeat[16],uuid:938c15e5-c942-49aa-8e6d-9633189870ff,16,yes,no,4c3c1743-5505-4c19-8499-5f3f89bcc48f 7bad79fe-2bdc-435c-acab-1246afb4fc19 5cc38ec9-36c1-4825-8985-275b3ac4eb8f,3,yes,0.2266188,37.4607583,5.0,1779791194848.jpg,,SavMon_LW_Plot_29,,retained
uuid:938c15e5-c942-49aa-8e6d-9633189870ff/observations/quadrat_repeat[17],uuid:938c15e5-c942-49aa-8e6d-9633189870ff,17,yes,no,f407986d-94a5-4fa9-a058-b9f183687960,1,yes,0.2265574,37.4604924,3.3,1779791332328.jpg,,SavMon_LW_Plot_29,,retained
uuid:938c15e5-c942-49aa-8e6d-9633189870ff/observations/quadrat_repeat[18],uuid:938c15e5-c942-49aa-8e6d-9633189870ff,18,yes,no,fef04a86-9057-43e3-a920-1cc20a78d566 f407986d-94a5-4fa9-a058-b9f183687960,2,yes,0.2266152,37.4606754,4.14,1779791480481.jpg,,SavMon_LW_Plot_29,,retained
uuid:938c15e5-c942-49aa-8e6d-9633189870ff/observations/quadrat_repeat[19],uuid:938c15e5-c942-49aa-8e6d-9633189870ff,19,yes,no,f407986d-94a5-4fa9-a058-b9f183687960 fef04a86-9057-43e3-a920-1cc20a78d566,2,yes,0.2266983,37.4605692,3.1,1779791601583.jpg,,SavMon_LW_Plot_29,,retained
uuid:938c15e5-c942-49aa-8e6d-9633189870ff/observations/quadrat_repeat[20],uuid:938c15e5-c942-49aa-8e6d-9633189870ff,20,yes,no,8fb56826-0f75-4fd9-afc2-f995f704dbcf f407986d-94a5-4fa9-a058-b9f183687960,2,yes,0.2266527,37.4605644,4.1,1779791782292.jpg,,SavMon_LW_Plot_29,,retained
uuid:8e5f5c9d-d697-4358-b766-db4a41f28c3e/observations/quadrat_repeat[1],uuid:8e5f5c9d-d697-4358-b766-db4a41f28c3e,1,yes,no,42b6fdde-7193-48e4-8a16-488eae05fab9 1dc71d7e-f47b-47f5-8dbb-7e82c9867534,2,yes,0.2191728,37.4369277,3.6,1779715548907.jpg,,SavMon_LW_Plot_25,,retained
uuid:8e5f5c9d-d697-4358-b766-db4a41f28c3e/observations/quadrat_repeat[2],uuid:8e5f5c9d-d697-4358-b766-db4a41f28c3e,2,yes,no,8fb56826-0f75-4fd9-afc2-f995f704dbcf e3454aa0-e2f6-495b-9aea-90847fdd1858 db3a7687-15f8-4b28-875a-6d5012afcc88,3,yes,0.2190695,37.4370548,3.9,1779715924267.jpg,,SavMon_LW_Plot_25,,retained
uuid:8e5f5c9d-d697-4358-b766-db4a41f28c3e/observations/quadrat_repeat[3],uuid:8e5f5c9d-d697-4358-b766-db4a41f28c3e,3,yes,no,e3454aa0-e2f6-495b-9aea-90847fdd1858 4c3c1743-5505-4c19-8499-5f3f89bcc48f,2,yes,0.2190326,37.4371154,3.6,1779716268686.jpg,,SavMon_LW_Plot_25,,retained
uuid:8e5f5c9d-d697-4358-b766-db4a41f28c3e/observations/quadrat_repeat[4],uuid:8e5f5c9d-d697-4358-b766-db4a41f28c3e,4,yes,no,3c3ff64b-92fd-4d60-9022-63a7c599e108 f407986d-94a5-4fa9-a058-b9f183687960,2,yes,0.2190434,37.4371115,3.8,1779716400749.jpg,,SavMon_LW_Plot_25,,retained
uuid:8e5f5c9d-d697-4358-b766-db4a41f28c3e/observations/quadrat_repeat[5],uuid:8e5f5c9d-d697-4358-b766-db4a41f28c3e,5,yes,no,3c3ff64b-92fd-4d60-9022-63a7c599e108 4c3c1743-5505-4c19-8499-5f3f89bcc48f,2,yes,0.2191252,37.4371851,4.0,1779716602091.jpg,,SavMon_LW_Plot_25,,retained
uuid:8e5f5c9d-d697-4358-b766-db4a41f28c3e/observations/quadrat_repeat[6],uuid:8e5f5c9d-d697-4358-b766-db4a41f28c3e,6,yes,yes,,0,yes,0.2191087,37.4371898,2.9,1779717345874.jpg,,SavMon_LW_Plot_25,,retained
uuid:8e5f5c9d-d697-4358-b766-db4a41f28c3e/observations/quadrat_repeat[7],uuid:8e5f5c9d-d697-4358-b766-db4a41f28c3e,7,yes,no,8fb56826-0f75-4fd9-afc2-f995f704dbcf,1,no,0.2190345,37.4372718,3.7,1779717481718.jpg,,SavMon_LW_Plot_25,,retained
uuid:8e5f5c9d-d697-4358-b766-db4a41f28c3e/observations/quadrat_repeat[8],uuid:8e5f5c9d-d697-4358-b766-db4a41f28c3e,8,yes,no,8fb56826-0f75-4fd9-afc2-f995f704dbcf 4c3c1743-5505-4c19-8499-5f3f89bcc48f,2,yes,0.2190115,37.4373261,3.5,1779717701529.jpg,,SavMon_LW_Plot_25,,retained
uuid:8e5f5c9d-d697-4358-b766-db4a41f28c3e/observations/quadrat_repeat[9],uuid:8e5f5c9d-d697-4358-b766-db4a41f28c3e,9,yes,no,fef04a86-9057-43e3-a920-1cc20a78d566 8fb56826-0f75-4fd9-afc2-f995f704dbcf 4c3c1743-5505-4c19-8499-5f3f89bcc48f,3,yes,0.2190173,37.4373725,3.1,1779717992614.jpg,,SavMon_LW_Plot_25,,retained
uuid:8e5f5c9d-d697-4358-b766-db4a41f28c3e/observations/quadrat_repeat[10],uuid:8e5f5c9d-d697-4358-b766-db4a41f28c3e,10,yes,no,1dc71d7e-f47b-47f5-8dbb-7e82c9867534,1,yes,0.2189793,37.4373953,2.55,1779718112967.jpg,,SavMon_LW_Plot_25,,retained
uuid:8e5f5c9d-d697-4358-b766-db4a41f28c3e/observations/quadrat_repeat[11],uuid:8e5f5c9d-d697-4358-b766-db4a41f28c3e,11,yes,no,4c3c1743-5505-4c19-8499-5f3f89bcc48f 008f3da5-910b-4d85-a844-c5ab8b75fcd8,2,yes,0.2190393,37.4373352,3.9,1779718235526.jpg,,SavMon_LW_Plot_25,,retained
uuid:8e5f5c9d-d697-4358-b766-db4a41f28c3e/observations/quadrat_repeat[12],uuid:8e5f5c9d-d697-4358-b766-db4a41f28c3e,12,yes,no,008f3da5-910b-4d85-a844-c5ab8b75fcd8,1,yes,0.2189499,37.4373754,4.0,1779718289337.jpg,,SavMon_LW_Plot_25,,retained
uuid:8e5f5c9d-d697-4358-b766-db4a41f28c3e/observations/quadrat_repeat[13],uuid:8e5f5c9d-d697-4358-b766-db4a41f28c3e,13,yes,no,db3a7687-15f8-4b28-875a-6d5012afcc88,1,yes,0.218891,37.4372986,3.5,1779718354524.jpg,,SavMon_LW_Plot_25,,retained
uuid:8e5f5c9d-d697-4358-b766-db4a41f28c3e/observations/quadrat_repeat[14],uuid:8e5f5c9d-d697-4358-b766-db4a41f28c3e,14,yes,no,215c8636-1978-42aa-86a1-9c3b5962055b db3a7687-15f8-4b28-875a-6d5012afcc88,2,yes,0.2189338,37.4372804,4.0,1779718451635.jpg,,SavMon_LW_Plot_25,,retained
uuid:8e5f5c9d-d697-4358-b766-db4a41f28c3e/observations/quadrat_repeat[15],uuid:8e5f5c9d-d697-4358-b766-db4a41f28c3e,15,yes,no,db3a7687-15f8-4b28-875a-6d5012afcc88,1,yes,0.2190109,37.4371706,3.175,1779718542663.jpg,,SavMon_LW_Plot_25,,retained
uuid:8e5f5c9d-d697-4358-b766-db4a41f28c3e/observations/quadrat_repeat[16],uuid:8e5f5c9d-d697-4358-b766-db4a41f28c3e,16,yes,no,db3a7687-15f8-4b28-875a-6d5012afcc88 1dc71d7e-f47b-47f5-8dbb-7e82c9867534,2,yes,0.2190505,37.4371664,2.3,1779718679027.jpg,,SavMon_LW_Plot_25,,retained
uuid:8e5f5c9d-d697-4358-b766-db4a41f28c3e/observations/quadrat_repeat[17],uuid:8e5f5c9d-d697-4358-b766-db4a41f28c3e,17,yes,no,4c3c1743-5505-4c19-8499-5f3f89bcc48f 8fb56826-0f75-4fd9-afc2-f995f704dbcf,2,yes,0.2190065,37.4371249,3.0,1779718747278.jpg,,SavMon_LW_Plot_25,,retained
uuid:8e5f5c9d-d697-4358-b766-db4a41f28c3e/observations/quadrat_repeat[18],uuid:8e5f5c9d-d697-4358-b766-db4a41f28c3e,18,yes,no,8fb56826-0f75-4fd9-afc2-f995f704dbcf 1dc71d7e-f47b-47f5-8dbb-7e82c9867534 883b0fcc-8eea-4779-b237-22e299be16fc,3,yes,0.2190354,37.4370914,3.8,1779718864386.jpg,,SavMon_LW_Plot_25,,retained
uuid:8e5f5c9d-d697-4358-b766-db4a41f28c3e/observations/quadrat_repeat[19],uuid:8e5f5c9d-d697-4358-b766-db4a41f28c3e,19,yes,no,3c3ff64b-92fd-4d60-9022-63a7c599e108 e3454aa0-e2f6-495b-9aea-90847fdd1858 cdc30e17-bf4f-4243-9c0b-0698d69bc373 4c3c1743-5505-4c19-8499-5f3f89bcc48f 008f3da5-910b-4d85-a844-c5ab8b75fcd8,5,yes,0.219051,37.4370487,3.6,1779718975707.jpg,,SavMon_LW_Plot_25,,retained
uuid:8e5f5c9d-d697-4358-b766-db4a41f28c3e/observations/quadrat_repeat[20],uuid:8e5f5c9d-d697-4358-b766-db4a41f28c3e,20,yes,no,cdc30e17-bf4f-4243-9c0b-0698d69bc373,1,yes,0.2190659,37.4369998,3.6,1779719028416.jpg,,SavMon_LW_Plot_25,,retained
uuid:4137458f-31e5-4355-b4ad-47858fb11503/observations/quadrat_repeat[1],uuid:4137458f-31e5-4355-b4ad-47858fb11503,1,yes,no,008f3da5-910b-4d85-a844-c5ab8b75fcd8,1,yes,0.2256985,37.4355888,2.7,1779710867243.jpg,,SavMon_LW_Plot_04,,retained
uuid:4137458f-31e5-4355-b4ad-47858fb11503/observations/quadrat_repeat[2],uuid:4137458f-31e5-4355-b4ad-47858fb11503,2,yes,yes,,0,yes,0.2256313,37.4357806,2.9,1779710982139.jpg,,SavMon_LW_Plot_04,,retained
uuid:4137458f-31e5-4355-b4ad-47858fb11503/observations/quadrat_repeat[3],uuid:4137458f-31e5-4355-b4ad-47858fb11503,3,yes,yes,,0,yes,0.2257909,37.4357723,3.6,1779711327829.jpg,,SavMon_LW_Plot_04,,retained
uuid:4137458f-31e5-4355-b4ad-47858fb11503/observations/quadrat_repeat[4],uuid:4137458f-31e5-4355-b4ad-47858fb11503,4,yes,yes,,0,yes,0.2257045,37.4357297,3.1,1779711418384.jpg,,SavMon_LW_Plot_04,,retained
uuid:4137458f-31e5-4355-b4ad-47858fb11503/observations/quadrat_repeat[5],uuid:4137458f-31e5-4355-b4ad-47858fb11503,5,yes,yes,,0,yes,0.2256482,37.435943,2.5,1779711497462.jpg,,SavMon_LW_Plot_04,,retained
uuid:4137458f-31e5-4355-b4ad-47858fb11503/observations/quadrat_repeat[6],uuid:4137458f-31e5-4355-b4ad-47858fb11503,6,yes,no,215c8636-1978-42aa-86a1-9c3b5962055b,1,yes,0.2256602,37.4359003,3.4,1779711601576.jpg,,SavMon_LW_Plot_04,,retained
uuid:4137458f-31e5-4355-b4ad-47858fb11503/observations/quadrat_repeat[7],uuid:4137458f-31e5-4355-b4ad-47858fb11503,7,yes,no,215c8636-1978-42aa-86a1-9c3b5962055b,1,yes,0.2256191,37.4360609,2.9,1779711707022.jpg,,SavMon_LW_Plot_04,,retained
uuid:4137458f-31e5-4355-b4ad-47858fb11503/observations/quadrat_repeat[8],uuid:4137458f-31e5-4355-b4ad-47858fb11503,8,yes,no,215c8636-1978-42aa-86a1-9c3b5962055b,1,yes,0.2254729,37.4360018,3.0,1779712035653.jpg,,SavMon_LW_Plot_04,,retained
uuid:4137458f-31e5-4355-b4ad-47858fb11503/observations/quadrat_repeat[9],uuid:4137458f-31e5-4355-b4ad-47858fb11503,9,yes,no,008f3da5-910b-4d85-a844-c5ab8b75fcd8 215c8636-1978-42aa-86a1-9c3b5962055b,2,yes,0.2255588,37.4360854,2.5,1779712188784.jpg,,SavMon_LW_Plot_04,,retained
uuid:4137458f-31e5-4355-b4ad-47858fb11503/observations/quadrat_repeat[10],uuid:4137458f-31e5-4355-b4ad-47858fb11503,10,yes,yes,,0,yes,0.2255175,37.4360966,3.3,1779712263498.jpg,,SavMon_LW_Plot_04,,retained
uuid:4137458f-31e5-4355-b4ad-47858fb11503/observations/quadrat_repeat[11],uuid:4137458f-31e5-4355-b4ad-47858fb11503,11,yes,no,008f3da5-910b-4d85-a844-c5ab8b75fcd8,1,yes,0.2254976,37.4360936,3.1,1779712368912.jpg,,SavMon_LW_Plot_04,,retained
uuid:4137458f-31e5-4355-b4ad-47858fb11503/observations/quadrat_repeat[12],uuid:4137458f-31e5-4355-b4ad-47858fb11503,12,yes,no,215c8636-1978-42aa-86a1-9c3b5962055b,1,yes,0.2254897,37.4360953,3.1,1779712434960.jpg,,SavMon_LW_Plot_04,,retained
uuid:4137458f-31e5-4355-b4ad-47858fb11503/observations/quadrat_repeat[13],uuid:4137458f-31e5-4355-b4ad-47858fb11503,13,yes,no,215c8636-1978-42aa-86a1-9c3b5962055b,1,yes,0.2254962,37.4359908,2.7,1779713078822.jpg,,SavMon_LW_Plot_04,,retained
uuid:4137458f-31e5-4355-b4ad-47858fb11503/observations/quadrat_repeat[14],uuid:4137458f-31e5-4355-b4ad-47858fb11503,14,yes,yes,,0,yes,0.2255401,37.4359378,4.2,1779713377569.jpg,,SavMon_LW_Plot_04,,retained
uuid:4137458f-31e5-4355-b4ad-47858fb11503/observations/quadrat_repeat[15],uuid:4137458f-31e5-4355-b4ad-47858fb11503,15,yes,no,42b6fdde-7193-48e4-8a16-488eae05fab9 215c8636-1978-42aa-86a1-9c3b5962055b,2,yes,0.2255624,37.4359104,3.0,1779713460110.jpg,,SavMon_LW_Plot_04,,retained
uuid:4137458f-31e5-4355-b4ad-47858fb11503/observations/quadrat_repeat[16],uuid:4137458f-31e5-4355-b4ad-47858fb11503,16,yes,no,008f3da5-910b-4d85-a844-c5ab8b75fcd8,1,yes,0.2255912,37.4359319,4.75,1779713718646.jpg,,SavMon_LW_Plot_04,,retained
uuid:4137458f-31e5-4355-b4ad-47858fb11503/observations/quadrat_repeat[17],uuid:4137458f-31e5-4355-b4ad-47858fb11503,17,no,,,0,,0.2256067,37.4358892,3.0,1779713751130.jpg,,SavMon_LW_Plot_04,,retained
uuid:4137458f-31e5-4355-b4ad-47858fb11503/observations/quadrat_repeat[18],uuid:4137458f-31e5-4355-b4ad-47858fb11503,18,yes,no,215c8636-1978-42aa-86a1-9c3b5962055b,1,yes,0.2255867,37.4357879,3.7,1779713805471.jpg,,SavMon_LW_Plot_04,,retained
uuid:4137458f-31e5-4355-b4ad-47858fb11503/observations/quadrat_repeat[19],uuid:4137458f-31e5-4355-b4ad-47858fb11503,19,yes,no,008f3da5-910b-4d85-a844-c5ab8b75fcd8,1,yes,0.2256545,37.4357224,2.55,1779713862709.jpg,,SavMon_LW_Plot_04,,retained
uuid:4137458f-31e5-4355-b4ad-47858fb11503/observations/quadrat_repeat[20],uuid:4137458f-31e5-4355-b4ad-47858fb11503,20,yes,no,9ab8c574-90c7-4055-98e9-f58b576de7e2,1,no,0.2256117,37.435715,4.0,1779714148562.jpg,,SavMon_LW_Plot_04,,retained
uuid:430e85a3-44ce-45f4-9974-c6a61569e78b/observations/quadrat_repeat[1],uuid:430e85a3-44ce-45f4-9974-c6a61569e78b,1,yes,no,42b6fdde-7193-48e4-8a16-488eae05fab9 cdc30e17-bf4f-4243-9c0b-0698d69bc373,2,yes,0.2317552,37.4293277,2.8,1779630026263.jpg,,SavMon_LW_Plot_07,,retained
uuid:430e85a3-44ce-45f4-9974-c6a61569e78b/observations/quadrat_repeat[2],uuid:430e85a3-44ce-45f4-9974-c6a61569e78b,2,yes,no,883b0fcc-8eea-4779-b237-22e299be16fc 42b6fdde-7193-48e4-8a16-488eae05fab9,2,yes,0.2317232,37.4292924,4.4,1779630263739.jpg,,SavMon_LW_Plot_07,,retained
uuid:430e85a3-44ce-45f4-9974-c6a61569e78b/observations/quadrat_repeat[3],uuid:430e85a3-44ce-45f4-9974-c6a61569e78b,3,yes,no,883b0fcc-8eea-4779-b237-22e299be16fc 1dc71d7e-f47b-47f5-8dbb-7e82c9867534,2,yes,0.2316892,37.4293195,3.2,1779630455943.jpg,"
B ",SavMon_LW_Plot_07,,retained
uuid:430e85a3-44ce-45f4-9974-c6a61569e78b/observations/quadrat_repeat[4],uuid:430e85a3-44ce-45f4-9974-c6a61569e78b,4,yes,no,42b6fdde-7193-48e4-8a16-488eae05fab9 883b0fcc-8eea-4779-b237-22e299be16fc,2,yes,0.2316853,37.4293785,3.4,1779631400453.jpg,,SavMon_LW_Plot_07,,retained
uuid:430e85a3-44ce-45f4-9974-c6a61569e78b/observations/quadrat_repeat[5],uuid:430e85a3-44ce-45f4-9974-c6a61569e78b,5,yes,no,42b6fdde-7193-48e4-8a16-488eae05fab9 883b0fcc-8eea-4779-b237-22e299be16fc 1dc71d7e-f47b-47f5-8dbb-7e82c9867534,3,yes,0.2316816,37.4294576,4.35,1779631583515.jpg,,SavMon_LW_Plot_07,,retained
uuid:430e85a3-44ce-45f4-9974-c6a61569e78b/observations/quadrat_repeat[6],uuid:430e85a3-44ce-45f4-9974-c6a61569e78b,6,yes,no,42b6fdde-7193-48e4-8a16-488eae05fab9 883b0fcc-8eea-4779-b237-22e299be16fc,2,yes,0.2316645,37.4294798,2.6,1779631709748.jpg, ,SavMon_LW_Plot_07,,retained
uuid:430e85a3-44ce-45f4-9974-c6a61569e78b/observations/quadrat_repeat[7],uuid:430e85a3-44ce-45f4-9974-c6a61569e78b,7,yes,no,cdc30e17-bf4f-4243-9c0b-0698d69bc373 42b6fdde-7193-48e4-8a16-488eae05fab9 883b0fcc-8eea-4779-b237-22e299be16fc,3,no,0.2316178,37.4295112,3.8,1779631807163.jpg,,SavMon_LW_Plot_07,,retained
uuid:430e85a3-44ce-45f4-9974-c6a61569e78b/observations/quadrat_repeat[8],uuid:430e85a3-44ce-45f4-9974-c6a61569e78b,8,yes,no,42b6fdde-7193-48e4-8a16-488eae05fab9 883b0fcc-8eea-4779-b237-22e299be16fc,2,no,0.2316282,37.4295266,3.2,1779631888840.jpg,,SavMon_LW_Plot_07,,retained
uuid:430e85a3-44ce-45f4-9974-c6a61569e78b/observations/quadrat_repeat[9],uuid:430e85a3-44ce-45f4-9974-c6a61569e78b,9,yes,no,883b0fcc-8eea-4779-b237-22e299be16fc 42b6fdde-7193-48e4-8a16-488eae05fab9,2,yes,0.2316184,37.4296033,4.875,1779632171653.jpg,,SavMon_LW_Plot_07,,retained
uuid:430e85a3-44ce-45f4-9974-c6a61569e78b/observations/quadrat_repeat[10],uuid:430e85a3-44ce-45f4-9974-c6a61569e78b,10,yes,yes,,0,yes,0.2316509,37.4296908,3.15,1779632288925.jpg,,SavMon_LW_Plot_07,,retained
uuid:430e85a3-44ce-45f4-9974-c6a61569e78b/observations/quadrat_repeat[11],uuid:430e85a3-44ce-45f4-9974-c6a61569e78b,11,yes,no,db3a7687-15f8-4b28-875a-6d5012afcc88 883b0fcc-8eea-4779-b237-22e299be16fc,2,yes,0.2315965,37.4296825,3.4,1779632383830.jpg,,SavMon_LW_Plot_07,,retained
uuid:430e85a3-44ce-45f4-9974-c6a61569e78b/observations/quadrat_repeat[12],uuid:430e85a3-44ce-45f4-9974-c6a61569e78b,12,yes,no,883b0fcc-8eea-4779-b237-22e299be16fc 42b6fdde-7193-48e4-8a16-488eae05fab9,2,yes,0.2315983,37.429641,4.3,1779632438769.jpg,,SavMon_LW_Plot_07,,retained
uuid:430e85a3-44ce-45f4-9974-c6a61569e78b/observations/quadrat_repeat[13],uuid:430e85a3-44ce-45f4-9974-c6a61569e78b,13,yes,no,42b6fdde-7193-48e4-8a16-488eae05fab9,1,yes,0.2316722,37.4295596,4.8,1779632757046.jpg,,SavMon_LW_Plot_07,,retained
uuid:430e85a3-44ce-45f4-9974-c6a61569e78b/observations/quadrat_repeat[14],uuid:430e85a3-44ce-45f4-9974-c6a61569e78b,14,yes,no,008f3da5-910b-4d85-a844-c5ab8b75fcd8 42b6fdde-7193-48e4-8a16-488eae05fab9 883b0fcc-8eea-4779-b237-22e299be16fc,3,yes,0.2316329,37.4296034,2.85,1779632842688.jpg,,SavMon_LW_Plot_07,,retained
uuid:430e85a3-44ce-45f4-9974-c6a61569e78b/observations/quadrat_repeat[15],uuid:430e85a3-44ce-45f4-9974-c6a61569e78b,15,yes,no,883b0fcc-8eea-4779-b237-22e299be16fc,1,yes,0.2316342,37.4294887,3.5,1779632919056.jpg,,SavMon_LW_Plot_07,,retained
uuid:430e85a3-44ce-45f4-9974-c6a61569e78b/observations/quadrat_repeat[16],uuid:430e85a3-44ce-45f4-9974-c6a61569e78b,16,yes,no,883b0fcc-8eea-4779-b237-22e299be16fc db3a7687-15f8-4b28-875a-6d5012afcc88,2,yes,0.23168,37.4294512,4.95,1779632998589.jpg,,SavMon_LW_Plot_07,,retained
uuid:430e85a3-44ce-45f4-9974-c6a61569e78b/observations/quadrat_repeat[17],uuid:430e85a3-44ce-45f4-9974-c6a61569e78b,17,yes,no,883b0fcc-8eea-4779-b237-22e299be16fc cdc30e17-bf4f-4243-9c0b-0698d69bc373 42b6fdde-7193-48e4-8a16-488eae05fab9,3,no,0.2316519,37.4294245,4.35,1779633043695.jpg,,SavMon_LW_Plot_07,,retained
uuid:430e85a3-44ce-45f4-9974-c6a61569e78b/observations/quadrat_repeat[18],uuid:430e85a3-44ce-45f4-9974-c6a61569e78b,18,yes,no,42b6fdde-7193-48e4-8a16-488eae05fab9,1,yes,0.2316567,37.4293684,2.9,1779633151854.jpg,,SavMon_LW_Plot_07,,retained
uuid:430e85a3-44ce-45f4-9974-c6a61569e78b/observations/quadrat_repeat[19],uuid:430e85a3-44ce-45f4-9974-c6a61569e78b,19,yes,no,883b0fcc-8eea-4779-b237-22e299be16fc,1,yes,0.2317009,37.4293341,3.5,1779633229241.jpg,,SavMon_LW_Plot_07,,retained
uuid:430e85a3-44ce-45f4-9974-c6a61569e78b/observations/quadrat_repeat[20],uuid:430e85a3-44ce-45f4-9974-c6a61569e78b,20,yes,no,42b6fdde-7193-48e4-8a16-488eae05fab9,1,yes,0.2316917,37.4292926,3.3,1779633299484.jpg,,SavMon_LW_Plot_07,,retained
uuid:54452130-d92e-4996-a0d7-9401811b9ed7/observations/quadrat_repeat[1],uuid:54452130-d92e-4996-a0d7-9401811b9ed7,1,yes,yes,,0,yes,0.2348329,37.4260614,2.2,1779624116276.jpg,,SavMon_LW_Plot_15,,retained
uuid:54452130-d92e-4996-a0d7-9401811b9ed7/observations/quadrat_repeat[2],uuid:54452130-d92e-4996-a0d7-9401811b9ed7,2,yes,no,c1a4c299-0f56-4c4b-92f9-b39be88b0291,1,no,0.2347654,37.426104,2.1,1779624238905.jpg,,SavMon_LW_Plot_15,,retained
uuid:54452130-d92e-4996-a0d7-9401811b9ed7/observations/quadrat_repeat[3],uuid:54452130-d92e-4996-a0d7-9401811b9ed7,3,yes,yes,,0,yes,0.2348173,37.426228,4.7,1779625224460.jpg,,SavMon_LW_Plot_15,,retained
uuid:54452130-d92e-4996-a0d7-9401811b9ed7/observations/quadrat_repeat[4],uuid:54452130-d92e-4996-a0d7-9401811b9ed7,4,yes,yes,,0,yes,0.2347274,37.4262519,2.35,1779625310989.jpg,,SavMon_LW_Plot_15,,retained
uuid:54452130-d92e-4996-a0d7-9401811b9ed7/observations/quadrat_repeat[5],uuid:54452130-d92e-4996-a0d7-9401811b9ed7,5,yes,no,1dc71d7e-f47b-47f5-8dbb-7e82c9867534,1,yes,0.2347647,37.4262451,3.0,1779625468175.jpg,,SavMon_LW_Plot_15,,retained
uuid:54452130-d92e-4996-a0d7-9401811b9ed7/observations/quadrat_repeat[6],uuid:54452130-d92e-4996-a0d7-9401811b9ed7,6,yes,yes,,0,yes,0.2347614,37.4262247,3.8,1779625750043.jpg,,SavMon_LW_Plot_15,,retained
uuid:54452130-d92e-4996-a0d7-9401811b9ed7/observations/quadrat_repeat[7],uuid:54452130-d92e-4996-a0d7-9401811b9ed7,7,yes,yes,,0,yes,0.2347093,37.4263775,2.7,1779625864387.jpg,,SavMon_LW_Plot_15,,retained
uuid:54452130-d92e-4996-a0d7-9401811b9ed7/observations/quadrat_repeat[8],uuid:54452130-d92e-4996-a0d7-9401811b9ed7,8,yes,no,cdc30e17-bf4f-4243-9c0b-0698d69bc373,1,yes,0.2347167,37.426395,4.1,1779626370378.jpg,,SavMon_LW_Plot_15,,retained
uuid:54452130-d92e-4996-a0d7-9401811b9ed7/observations/quadrat_repeat[9],uuid:54452130-d92e-4996-a0d7-9401811b9ed7,9,yes,no,4c3c1743-5505-4c19-8499-5f3f89bcc48f,1,no,0.2346785,37.4264227,2.6,1779626451202.jpg,,SavMon_LW_Plot_15,,retained
uuid:54452130-d92e-4996-a0d7-9401811b9ed7/observations/quadrat_repeat[10],uuid:54452130-d92e-4996-a0d7-9401811b9ed7,10,yes,yes,,0,yes,0.2346533,37.426482,2.6,1779626684849.jpg,,SavMon_LW_Plot_15,,retained
uuid:54452130-d92e-4996-a0d7-9401811b9ed7/observations/quadrat_repeat[11],uuid:54452130-d92e-4996-a0d7-9401811b9ed7,11,yes,yes,,0,yes,0.2346805,37.4265077,2.9,1779626773469.jpg,,SavMon_LW_Plot_15,,retained
uuid:54452130-d92e-4996-a0d7-9401811b9ed7/observations/quadrat_repeat[12],uuid:54452130-d92e-4996-a0d7-9401811b9ed7,12,yes,no,c1a4c299-0f56-4c4b-92f9-b39be88b0291,1,yes,0.2347033,37.4264477,2.9,1779626880209.jpg,,SavMon_LW_Plot_15,,retained
uuid:54452130-d92e-4996-a0d7-9401811b9ed7/observations/quadrat_repeat[13],uuid:54452130-d92e-4996-a0d7-9401811b9ed7,13,yes,yes,,0,yes,0.2347242,37.4264147,2.6,1779626940178.jpg,,SavMon_LW_Plot_15,,retained
uuid:54452130-d92e-4996-a0d7-9401811b9ed7/observations/quadrat_repeat[14],uuid:54452130-d92e-4996-a0d7-9401811b9ed7,14,yes,yes,,0,yes,0.2346632,37.4263385,3.2,1779627022548.jpg,,SavMon_LW_Plot_15,,retained
uuid:54452130-d92e-4996-a0d7-9401811b9ed7/observations/quadrat_repeat[15],uuid:54452130-d92e-4996-a0d7-9401811b9ed7,15,yes,no,fef04a86-9057-43e3-a920-1cc20a78d566 4c3c1743-5505-4c19-8499-5f3f89bcc48f,2,yes,0.2347036,37.426306,3.7,1779627138500.jpg,,SavMon_LW_Plot_15,,retained
uuid:54452130-d92e-4996-a0d7-9401811b9ed7/observations/quadrat_repeat[16],uuid:54452130-d92e-4996-a0d7-9401811b9ed7,16,yes,no,1dc71d7e-f47b-47f5-8dbb-7e82c9867534,1,yes,0.2346951,37.4262061,4.0,1779627268704.jpg,,SavMon_LW_Plot_15,,retained
uuid:54452130-d92e-4996-a0d7-9401811b9ed7/observations/quadrat_repeat[17],uuid:54452130-d92e-4996-a0d7-9401811b9ed7,17,yes,no,e3454aa0-e2f6-495b-9aea-90847fdd1858,1,yes,0.2347232,37.4261729,2.3,1779627332174.jpg,,SavMon_LW_Plot_15,,retained
uuid:54452130-d92e-4996-a0d7-9401811b9ed7/observations/quadrat_repeat[18],uuid:54452130-d92e-4996-a0d7-9401811b9ed7,18,yes,yes,,0,yes,0.2346867,37.4261681,3.8,1779627426343.jpg,,SavMon_LW_Plot_15,,retained
uuid:54452130-d92e-4996-a0d7-9401811b9ed7/observations/quadrat_repeat[19],uuid:54452130-d92e-4996-a0d7-9401811b9ed7,19,yes,no,1dc71d7e-f47b-47f5-8dbb-7e82c9867534,1,yes,0.2347321,37.4260613,3.5,1779627520449.jpg,,SavMon_LW_Plot_15,,retained
uuid:54452130-d92e-4996-a0d7-9401811b9ed7/observations/quadrat_repeat[20],uuid:54452130-d92e-4996-a0d7-9401811b9ed7,20,yes,no,1dc71d7e-f47b-47f5-8dbb-7e82c9867534,1,yes,0.2347279,37.4260748,3.5,1779627638097.jpg,,SavMon_LW_Plot_15,,retained
uuid:b816a9b4-f338-432a-83d7-1cf354583f0f/observations/quadrat_repeat[1],uuid:b816a9b4-f338-432a-83d7-1cf354583f0f,1,yes,no,8fb56826-0f75-4fd9-afc2-f995f704dbcf,1,yes,0.234949,37.4228568,3.2,1779617591442.jpg,,SavMon_LW_Plot_20,,retained
uuid:b816a9b4-f338-432a-83d7-1cf354583f0f/observations/quadrat_repeat[2],uuid:b816a9b4-f338-432a-83d7-1cf354583f0f,2,yes,no,c1a4c299-0f56-4c4b-92f9-b39be88b0291,1,yes,0.2348765,37.4228506,2.4,1779617833273.jpg,,SavMon_LW_Plot_20,,retained
uuid:b816a9b4-f338-432a-83d7-1cf354583f0f/observations/quadrat_repeat[3],uuid:b816a9b4-f338-432a-83d7-1cf354583f0f,3,yes,yes,,0,yes,0.2348631,37.4229297,2.2,1779618720309.jpg,,SavMon_LW_Plot_20,,retained
uuid:b816a9b4-f338-432a-83d7-1cf354583f0f/observations/quadrat_repeat[4],uuid:b816a9b4-f338-432a-83d7-1cf354583f0f,4,yes,yes,,0,yes,0.2348132,37.4230409,2.6,1779618786363.jpg,,SavMon_LW_Plot_20,,retained
uuid:b816a9b4-f338-432a-83d7-1cf354583f0f/observations/quadrat_repeat[5],uuid:b816a9b4-f338-432a-83d7-1cf354583f0f,5,yes,no,8fb56826-0f75-4fd9-afc2-f995f704dbcf,1,yes,0.2347953,37.4230083,2.4,1779618869784.jpg,,SavMon_LW_Plot_20,,retained
uuid:b816a9b4-f338-432a-83d7-1cf354583f0f/observations/quadrat_repeat[6],uuid:b816a9b4-f338-432a-83d7-1cf354583f0f,6,yes,yes,,0,yes,0.2347278,37.4230354,2.8,1779618968049.jpg,,SavMon_LW_Plot_20,,retained
uuid:b816a9b4-f338-432a-83d7-1cf354583f0f/observations/quadrat_repeat[7],uuid:b816a9b4-f338-432a-83d7-1cf354583f0f,7,yes,no,8fb56826-0f75-4fd9-afc2-f995f704dbcf,1,yes,0.2348092,37.4231365,2.6,1779619037029.jpg,,SavMon_LW_Plot_20,,retained
uuid:b816a9b4-f338-432a-83d7-1cf354583f0f/observations/quadrat_repeat[8],uuid:b816a9b4-f338-432a-83d7-1cf354583f0f,8,yes,yes,,0,yes,0.2347743,37.4232101,2.9,1779619123704.jpg,,SavMon_LW_Plot_20,,retained
uuid:b816a9b4-f338-432a-83d7-1cf354583f0f/observations/quadrat_repeat[9],uuid:b816a9b4-f338-432a-83d7-1cf354583f0f,9,yes,no,8fb56826-0f75-4fd9-afc2-f995f704dbcf 4c3c1743-5505-4c19-8499-5f3f89bcc48f,2,yes,0.23483,37.4232457,3.3,1779619207463.jpg,,SavMon_LW_Plot_20,,retained
uuid:b816a9b4-f338-432a-83d7-1cf354583f0f/observations/quadrat_repeat[10],uuid:b816a9b4-f338-432a-83d7-1cf354583f0f,10,yes,no,883b0fcc-8eea-4779-b237-22e299be16fc,1,yes,0.2347933,37.4232451,3.0,1779619266222.jpg,,SavMon_LW_Plot_20,,retained
uuid:b816a9b4-f338-432a-83d7-1cf354583f0f/observations/quadrat_repeat[11],uuid:b816a9b4-f338-432a-83d7-1cf354583f0f,11,yes,no,883b0fcc-8eea-4779-b237-22e299be16fc 1dc71d7e-f47b-47f5-8dbb-7e82c9867534,2,yes,0.2347063,37.4232376,2.3,1779619395877.jpg,,SavMon_LW_Plot_20,,retained
uuid:b816a9b4-f338-432a-83d7-1cf354583f0f/observations/quadrat_repeat[12],uuid:b816a9b4-f338-432a-83d7-1cf354583f0f,12,yes,no,8fb56826-0f75-4fd9-afc2-f995f704dbcf 008f3da5-910b-4d85-a844-c5ab8b75fcd8,2,no,0.2347531,37.4232204,2.7,1779619437606.jpg,,SavMon_LW_Plot_20,,retained
uuid:b816a9b4-f338-432a-83d7-1cf354583f0f/observations/quadrat_repeat[13],uuid:b816a9b4-f338-432a-83d7-1cf354583f0f,13,yes,no,883b0fcc-8eea-4779-b237-22e299be16fc 4c3c1743-5505-4c19-8499-5f3f89bcc48f,2,yes,0.2347524,37.4231559,2.6,1779619543186.jpg,,SavMon_LW_Plot_20,,retained
uuid:b816a9b4-f338-432a-83d7-1cf354583f0f/observations/quadrat_repeat[14],uuid:b816a9b4-f338-432a-83d7-1cf354583f0f,14,yes,yes,,0,yes,0.2347788,37.4231549,3.3,1779619635325.jpg,,SavMon_LW_Plot_20,,retained
uuid:b816a9b4-f338-432a-83d7-1cf354583f0f/observations/quadrat_repeat[15],uuid:b816a9b4-f338-432a-83d7-1cf354583f0f,15,yes,no,1dc71d7e-f47b-47f5-8dbb-7e82c9867534 c1a4c299-0f56-4c4b-92f9-b39be88b0291,2,yes,0.2347648,37.4230835,2.9,1779619819470.jpg,,SavMon_LW_Plot_20,,retained
uuid:b816a9b4-f338-432a-83d7-1cf354583f0f/observations/quadrat_repeat[16],uuid:b816a9b4-f338-432a-83d7-1cf354583f0f,16,yes,yes,,0,yes,0.2347646,37.4230255,4.633,1779619955227.jpg,,SavMon_LW_Plot_20,,retained
uuid:b816a9b4-f338-432a-83d7-1cf354583f0f/observations/quadrat_repeat[17],uuid:b816a9b4-f338-432a-83d7-1cf354583f0f,17,yes,yes,,0,yes,0.2348127,37.4229989,2.6,1779620015159.jpg,,SavMon_LW_Plot_20,,retained
uuid:b816a9b4-f338-432a-83d7-1cf354583f0f/observations/quadrat_repeat[18],uuid:b816a9b4-f338-432a-83d7-1cf354583f0f,18,yes,no,c1a4c299-0f56-4c4b-92f9-b39be88b0291,1,yes,0.234819,37.4229133,3.6,1779620213708.jpg,,SavMon_LW_Plot_20,,retained
uuid:b816a9b4-f338-432a-83d7-1cf354583f0f/observations/quadrat_repeat[19],uuid:b816a9b4-f338-432a-83d7-1cf354583f0f,19,yes,yes,,0,yes,0.2348773,37.4229139,2.966,1779620283296.jpg,,SavMon_LW_Plot_20,,retained
uuid:b816a9b4-f338-432a-83d7-1cf354583f0f/observations/quadrat_repeat[20],uuid:b816a9b4-f338-432a-83d7-1cf354583f0f,20,yes,no,8fb56826-0f75-4fd9-afc2-f995f704dbcf,1,yes,0.2348181,37.4228848,3.9,1779620583583.jpg,,SavMon_LW_Plot_20,,retained
uuid:ef5c5535-1739-481b-af66-71061de5dcd2/observations/quadrat_repeat[1],uuid:ef5c5535-1739-481b-af66-71061de5dcd2,1,yes,no,008f3da5-910b-4d85-a844-c5ab8b75fcd8,1,yes,0.2334322,37.4107426,2.2,1779613689711.jpg,,SavMon_LW_Plot_24,,retained
uuid:ef5c5535-1739-481b-af66-71061de5dcd2/observations/quadrat_repeat[2],uuid:ef5c5535-1739-481b-af66-71061de5dcd2,2,yes,no,1dc71d7e-f47b-47f5-8dbb-7e82c9867534,1,yes,0.2333595,37.410758,3.8,1779613913874.jpg,,SavMon_LW_Plot_24,,retained
uuid:ef5c5535-1739-481b-af66-71061de5dcd2/observations/quadrat_repeat[3],uuid:ef5c5535-1739-481b-af66-71061de5dcd2,3,yes,yes,,0,yes,0.2334614,37.410908,4.75,1779614033780.jpg,,SavMon_LW_Plot_24,,retained
uuid:ef5c5535-1739-481b-af66-71061de5dcd2/observations/quadrat_repeat[4],uuid:ef5c5535-1739-481b-af66-71061de5dcd2,4,yes,no,008f3da5-910b-4d85-a844-c5ab8b75fcd8,1,yes,0.2334294,37.4109247,3.8,1779614181547.jpg,,SavMon_LW_Plot_24,,retained
uuid:ef5c5535-1739-481b-af66-71061de5dcd2/observations/quadrat_repeat[5],uuid:ef5c5535-1739-481b-af66-71061de5dcd2,5,yes,yes,,0,yes,0.233351,37.4108989,2.8,1779614294909.jpg,,SavMon_LW_Plot_24,,retained
uuid:ef5c5535-1739-481b-af66-71061de5dcd2/observations/quadrat_repeat[6],uuid:ef5c5535-1739-481b-af66-71061de5dcd2,6,yes,yes,,0,yes,0.2333847,37.4109965,3.3,1779614424183.jpg,,SavMon_LW_Plot_24,,retained
uuid:ef5c5535-1739-481b-af66-71061de5dcd2/observations/quadrat_repeat[7],uuid:ef5c5535-1739-481b-af66-71061de5dcd2,7,yes,no,c1a4c299-0f56-4c4b-92f9-b39be88b0291,1,yes,0.2333421,37.4110346,2.9,1779614577354.jpg,,SavMon_LW_Plot_24,,retained
uuid:ef5c5535-1739-481b-af66-71061de5dcd2/observations/quadrat_repeat[8],uuid:ef5c5535-1739-481b-af66-71061de5dcd2,8,yes,yes,,0,yes,0.2333897,37.4110977,4.4,1779614713124.jpg,,SavMon_LW_Plot_24,,retained
uuid:ef5c5535-1739-481b-af66-71061de5dcd2/observations/quadrat_repeat[9],uuid:ef5c5535-1739-481b-af66-71061de5dcd2,9,yes,yes,,0,yes,0.2333939,37.4110924,3.2,1779614834779.jpg,,SavMon_LW_Plot_24,,retained
uuid:ef5c5535-1739-481b-af66-71061de5dcd2/observations/quadrat_repeat[10],uuid:ef5c5535-1739-481b-af66-71061de5dcd2,10,yes,yes,,0,yes,0.2334011,37.4112111,3.7,1779614912245.jpg,,SavMon_LW_Plot_24,,retained
uuid:ef5c5535-1739-481b-af66-71061de5dcd2/observations/quadrat_repeat[11],uuid:ef5c5535-1739-481b-af66-71061de5dcd2,11,yes,yes,,0,yes,0.2333024,37.4111907,2.9,1779615033829.jpg,,SavMon_LW_Plot_24,,retained
uuid:ef5c5535-1739-481b-af66-71061de5dcd2/observations/quadrat_repeat[12],uuid:ef5c5535-1739-481b-af66-71061de5dcd2,12,yes,yes,,0,yes,0.2333604,37.4111042,2.5,1779615151583.jpg,,SavMon_LW_Plot_24,,retained
uuid:ef5c5535-1739-481b-af66-71061de5dcd2/observations/quadrat_repeat[13],uuid:ef5c5535-1739-481b-af66-71061de5dcd2,13,yes,yes,,0,yes,0.2332995,37.4111118,3.1,1779615258042.jpg,,SavMon_LW_Plot_24,,retained
uuid:ef5c5535-1739-481b-af66-71061de5dcd2/observations/quadrat_repeat[14],uuid:ef5c5535-1739-481b-af66-71061de5dcd2,14,yes,no,008f3da5-910b-4d85-a844-c5ab8b75fcd8,1,no,0.2333606,37.4109984,2.6,1779615327992.jpg,,SavMon_LW_Plot_24,,retained
uuid:ef5c5535-1739-481b-af66-71061de5dcd2/observations/quadrat_repeat[15],uuid:ef5c5535-1739-481b-af66-71061de5dcd2,15,yes,yes,,0,yes,0.2334175,37.4110345,2.6,1779615427154.jpg,,SavMon_LW_Plot_24,,retained
uuid:ef5c5535-1739-481b-af66-71061de5dcd2/observations/quadrat_repeat[16],uuid:ef5c5535-1739-481b-af66-71061de5dcd2,16,yes,yes,,0,yes,0.2333607,37.4109436,3.0,1779615531593.jpg,,SavMon_LW_Plot_24,,retained
uuid:ef5c5535-1739-481b-af66-71061de5dcd2/observations/quadrat_repeat[17],uuid:ef5c5535-1739-481b-af66-71061de5dcd2,17,yes,no,7bad79fe-2bdc-435c-acab-1246afb4fc19 008f3da5-910b-4d85-a844-c5ab8b75fcd8,2,yes,0.2334119,37.4108286,2.2,1779615607365.jpg,,SavMon_LW_Plot_24,,retained
uuid:ef5c5535-1739-481b-af66-71061de5dcd2/observations/quadrat_repeat[18],uuid:ef5c5535-1739-481b-af66-71061de5dcd2,18,yes,yes,,0,yes,0.2333984,37.410795,2.85,1779615656179.jpg,,SavMon_LW_Plot_24,,retained
uuid:ef5c5535-1739-481b-af66-71061de5dcd2/observations/quadrat_repeat[19],uuid:ef5c5535-1739-481b-af66-71061de5dcd2,19,yes,yes,,0,yes,0.2333753,37.4107978,3.2,1779615704955.jpg,,SavMon_LW_Plot_24,,retained
uuid:ef5c5535-1739-481b-af66-71061de5dcd2/observations/quadrat_repeat[20],uuid:ef5c5535-1739-481b-af66-71061de5dcd2,20,yes,yes,,0,yes,0.2334432,37.410784,2.8,1779615783735.jpg,,SavMon_LW_Plot_24,,retained
uuid:e63b6ad6-7893-4cca-a1db-00fbde18a2aa/observations/quadrat_repeat[1],uuid:e63b6ad6-7893-4cca-a1db-00fbde18a2aa,1,yes,no,c1a4c299-0f56-4c4b-92f9-b39be88b0291,1,no,0.2341825,37.4062831,1.9,1779606527740.jpg,,SavMon_LW_Plot_02,,retained
uuid:e63b6ad6-7893-4cca-a1db-00fbde18a2aa/observations/quadrat_repeat[2],uuid:e63b6ad6-7893-4cca-a1db-00fbde18a2aa,2,yes,yes,,0,yes,0.2341689,37.4063449,2.3,1779608313533.jpg,,SavMon_LW_Plot_02,,retained
uuid:e63b6ad6-7893-4cca-a1db-00fbde18a2aa/observations/quadrat_repeat[3],uuid:e63b6ad6-7893-4cca-a1db-00fbde18a2aa,3,yes,yes,,0,yes,0.2341937,37.4064144,3.6,1779608678723.jpg,,SavMon_LW_Plot_02,,retained
uuid:e63b6ad6-7893-4cca-a1db-00fbde18a2aa/observations/quadrat_repeat[4],uuid:e63b6ad6-7893-4cca-a1db-00fbde18a2aa,4,yes,no,4c3c1743-5505-4c19-8499-5f3f89bcc48f,1,yes,0.2341403,37.4064359,2.45,1779609731007.jpg,,SavMon_LW_Plot_02,,retained
uuid:e63b6ad6-7893-4cca-a1db-00fbde18a2aa/observations/quadrat_repeat[5],uuid:e63b6ad6-7893-4cca-a1db-00fbde18a2aa,5,yes,no,4c3c1743-5505-4c19-8499-5f3f89bcc48f,1,yes,0.2341414,37.4064557,2.15,1779609834130.jpg,,SavMon_LW_Plot_02,,retained
uuid:e63b6ad6-7893-4cca-a1db-00fbde18a2aa/observations/quadrat_repeat[6],uuid:e63b6ad6-7893-4cca-a1db-00fbde18a2aa,6,yes,no,1dc71d7e-f47b-47f5-8dbb-7e82c9867534,1,yes,0.2340943,37.4064451,2.9,1779610041029.jpg,,SavMon_LW_Plot_02,,retained
uuid:e63b6ad6-7893-4cca-a1db-00fbde18a2aa/observations/quadrat_repeat[7],uuid:e63b6ad6-7893-4cca-a1db-00fbde18a2aa,7,yes,yes,,0,yes,0.234102,37.4065706,2.2,1779610121596.jpg,,SavMon_LW_Plot_02,,retained
uuid:e63b6ad6-7893-4cca-a1db-00fbde18a2aa/observations/quadrat_repeat[8],uuid:e63b6ad6-7893-4cca-a1db-00fbde18a2aa,8,yes,no,1dc71d7e-f47b-47f5-8dbb-7e82c9867534 7bad79fe-2bdc-435c-acab-1246afb4fc19,2,yes,0.2341177,37.4065852,2.1,1779610235312.jpg,,SavMon_LW_Plot_02,,retained
uuid:e63b6ad6-7893-4cca-a1db-00fbde18a2aa/observations/quadrat_repeat[9],uuid:e63b6ad6-7893-4cca-a1db-00fbde18a2aa,9,yes,yes,,0,yes,0.2340879,37.4066522,2.3,1779610328522.jpg,,SavMon_LW_Plot_02,,retained
uuid:e63b6ad6-7893-4cca-a1db-00fbde18a2aa/observations/quadrat_repeat[10],uuid:e63b6ad6-7893-4cca-a1db-00fbde18a2aa,10,yes,no,1dc71d7e-f47b-47f5-8dbb-7e82c9867534 7bad79fe-2bdc-435c-acab-1246afb4fc19,2,yes,0.2340656,37.4067416,2.5,1779610471147.jpg,,SavMon_LW_Plot_02,,retained
uuid:e63b6ad6-7893-4cca-a1db-00fbde18a2aa/observations/quadrat_repeat[11],uuid:e63b6ad6-7893-4cca-a1db-00fbde18a2aa,11,yes,yes,,0,yes,0.23408,37.4066507,3.3,1779610586514.jpg,,SavMon_LW_Plot_02,,retained
uuid:e63b6ad6-7893-4cca-a1db-00fbde18a2aa/observations/quadrat_repeat[12],uuid:e63b6ad6-7893-4cca-a1db-00fbde18a2aa,12,yes,yes,,0,yes,0.2341045,37.4065906,3.2,1779610786226.jpg,,SavMon_LW_Plot_02,,retained
uuid:e63b6ad6-7893-4cca-a1db-00fbde18a2aa/observations/quadrat_repeat[13],uuid:e63b6ad6-7893-4cca-a1db-00fbde18a2aa,13,yes,no,215c8636-1978-42aa-86a1-9c3b5962055b,1,yes,0.2341061,37.4066419,2.3,1779610968888.jpg,,SavMon_LW_Plot_02,,retained
uuid:e63b6ad6-7893-4cca-a1db-00fbde18a2aa/observations/quadrat_repeat[14],uuid:e63b6ad6-7893-4cca-a1db-00fbde18a2aa,14,yes,no,4c3c1743-5505-4c19-8499-5f3f89bcc48f,1,yes,0.2340949,37.4065334,2.7,1779611126284.jpg,,SavMon_LW_Plot_02,,retained
uuid:e63b6ad6-7893-4cca-a1db-00fbde18a2aa/observations/quadrat_repeat[15],uuid:e63b6ad6-7893-4cca-a1db-00fbde18a2aa,15,yes,no,1dc71d7e-f47b-47f5-8dbb-7e82c9867534,1,yes,0.2340802,37.4065335,2.0,1779611199601.jpg,,SavMon_LW_Plot_02,,retained
uuid:e63b6ad6-7893-4cca-a1db-00fbde18a2aa/observations/quadrat_repeat[16],uuid:e63b6ad6-7893-4cca-a1db-00fbde18a2aa,16,yes,no,8fb56826-0f75-4fd9-afc2-f995f704dbcf 215c8636-1978-42aa-86a1-9c3b5962055b,2,yes,0.2340952,37.4065106,2.6,1779611302338.jpg,,SavMon_LW_Plot_02,,retained
uuid:e63b6ad6-7893-4cca-a1db-00fbde18a2aa/observations/quadrat_repeat[17],uuid:e63b6ad6-7893-4cca-a1db-00fbde18a2aa,17,yes,no,7bad79fe-2bdc-435c-acab-1246afb4fc19 1dc71d7e-f47b-47f5-8dbb-7e82c9867534,2,yes,0.2341147,37.4064387,1.95,1779611402650.jpg,,SavMon_LW_Plot_02,,retained
uuid:e63b6ad6-7893-4cca-a1db-00fbde18a2aa/observations/quadrat_repeat[18],uuid:e63b6ad6-7893-4cca-a1db-00fbde18a2aa,18,yes,yes,,0,yes,0.2341638,37.4063713,2.3,1779611810628.jpg,,SavMon_LW_Plot_02,,retained
uuid:e63b6ad6-7893-4cca-a1db-00fbde18a2aa/observations/quadrat_repeat[19],uuid:e63b6ad6-7893-4cca-a1db-00fbde18a2aa,19,no,,,0,,0.2341174,37.406364,3.05,1779611846436.jpg,,SavMon_LW_Plot_02,,retained
uuid:e63b6ad6-7893-4cca-a1db-00fbde18a2aa/observations/quadrat_repeat[20],uuid:e63b6ad6-7893-4cca-a1db-00fbde18a2aa,20,yes,no,4c3c1743-5505-4c19-8499-5f3f89bcc48f c1a4c299-0f56-4c4b-92f9-b39be88b0291,2,no,0.2341702,37.4062427,2.8,1779612378231.jpg,,SavMon_LW_Plot_02,,retained
uuid:c4ea3469-7e1c-474a-9ce6-fc1926e590e2/observations/quadrat_repeat[1],uuid:c4ea3469-7e1c-474a-9ce6-fc1926e590e2,1,yes,no,c1a4c299-0f56-4c4b-92f9-b39be88b0291,1,yes,0.2343143,37.4031283,3.5,1779543759834.jpg,,SavMon_LW_Plot_28,,retained
uuid:c4ea3469-7e1c-474a-9ce6-fc1926e590e2/observations/quadrat_repeat[2],uuid:c4ea3469-7e1c-474a-9ce6-fc1926e590e2,2,yes,no,8fb56826-0f75-4fd9-afc2-f995f704dbcf 4c3c1743-5505-4c19-8499-5f3f89bcc48f,2,yes,0.2342763,37.4031492,4.3,1779544001582.jpg,,SavMon_LW_Plot_28,,retained
uuid:c4ea3469-7e1c-474a-9ce6-fc1926e590e2/observations/quadrat_repeat[3],uuid:c4ea3469-7e1c-474a-9ce6-fc1926e590e2,3,yes,no,883b0fcc-8eea-4779-b237-22e299be16fc,1,yes,0.2342043,37.4031921,3.7,1779544304782.jpg,,SavMon_LW_Plot_28,,retained
uuid:c4ea3469-7e1c-474a-9ce6-fc1926e590e2/observations/quadrat_repeat[4],uuid:c4ea3469-7e1c-474a-9ce6-fc1926e590e2,4,yes,yes,,0,yes,0.2342479,37.403354,3.8,1779544498611.jpg,,SavMon_LW_Plot_28,,retained
uuid:c4ea3469-7e1c-474a-9ce6-fc1926e590e2/observations/quadrat_repeat[5],uuid:c4ea3469-7e1c-474a-9ce6-fc1926e590e2,5,yes,no,f407986d-94a5-4fa9-a058-b9f183687960,1,yes,0.2341853,37.4033195,4.0,1779544698418.jpg,,SavMon_LW_Plot_28,,retained
uuid:c4ea3469-7e1c-474a-9ce6-fc1926e590e2/observations/quadrat_repeat[6],uuid:c4ea3469-7e1c-474a-9ce6-fc1926e590e2,6,yes,no,db3a7687-15f8-4b28-875a-6d5012afcc88,1,yes,0.2341854,37.4033142,4.566,1779545470061.jpg,,SavMon_LW_Plot_28,,retained
uuid:c4ea3469-7e1c-474a-9ce6-fc1926e590e2/observations/quadrat_repeat[7],uuid:c4ea3469-7e1c-474a-9ce6-fc1926e590e2,7,yes,yes,,0,yes,0.2342053,37.4033598,3.2,1779545619324.jpg,,SavMon_LW_Plot_28,,retained
uuid:c4ea3469-7e1c-474a-9ce6-fc1926e590e2/observations/quadrat_repeat[8],uuid:c4ea3469-7e1c-474a-9ce6-fc1926e590e2,8,yes,yes,,0,yes,0.234181,37.4033767,3.05,1779545716841.jpg,,SavMon_LW_Plot_28,,retained
uuid:c4ea3469-7e1c-474a-9ce6-fc1926e590e2/observations/quadrat_repeat[9],uuid:c4ea3469-7e1c-474a-9ce6-fc1926e590e2,9,yes,no,4c3c1743-5505-4c19-8499-5f3f89bcc48f,1,yes,0.2341495,37.4035424,3.8,1779545857819.jpg,,SavMon_LW_Plot_28,,retained
uuid:c4ea3469-7e1c-474a-9ce6-fc1926e590e2/observations/quadrat_repeat[10],uuid:c4ea3469-7e1c-474a-9ce6-fc1926e590e2,10,yes,yes,,0,yes,0.2340839,37.4034806,2.5,1779545924732.jpg,,SavMon_LW_Plot_28,,retained
uuid:c4ea3469-7e1c-474a-9ce6-fc1926e590e2/observations/quadrat_repeat[11],uuid:c4ea3469-7e1c-474a-9ce6-fc1926e590e2,11,yes,no,008f3da5-910b-4d85-a844-c5ab8b75fcd8,1,yes,0.2340441,37.4034697,2.6,1779546019776.jpg,,SavMon_LW_Plot_28,,retained
uuid:c4ea3469-7e1c-474a-9ce6-fc1926e590e2/observations/quadrat_repeat[12],uuid:c4ea3469-7e1c-474a-9ce6-fc1926e590e2,12,yes,yes,,0,yes,0.2340717,37.4034325,2.6,1779546129339.jpg,,SavMon_LW_Plot_28,,retained
uuid:c4ea3469-7e1c-474a-9ce6-fc1926e590e2/observations/quadrat_repeat[13],uuid:c4ea3469-7e1c-474a-9ce6-fc1926e590e2,13,yes,yes,,0,yes,0.2340941,37.4033875,2.25,1779546201941.jpg,,SavMon_LW_Plot_28,,retained
uuid:c4ea3469-7e1c-474a-9ce6-fc1926e590e2/observations/quadrat_repeat[14],uuid:c4ea3469-7e1c-474a-9ce6-fc1926e590e2,14,yes,no,4c3c1743-5505-4c19-8499-5f3f89bcc48f,1,yes,0.2340806,37.4033706,3.1,1779546650441.jpg,,SavMon_LW_Plot_28,,retained
uuid:c4ea3469-7e1c-474a-9ce6-fc1926e590e2/observations/quadrat_repeat[15],uuid:c4ea3469-7e1c-474a-9ce6-fc1926e590e2,15,yes,yes,,0,yes,0.234172,37.403301,3.4,1779546772669.jpg,,SavMon_LW_Plot_28,,retained
uuid:c4ea3469-7e1c-474a-9ce6-fc1926e590e2/observations/quadrat_repeat[16],uuid:c4ea3469-7e1c-474a-9ce6-fc1926e590e2,16,yes,no,fef04a86-9057-43e3-a920-1cc20a78d566,1,yes,0.2341479,37.4032779,3.7,1779547221125.jpg,,SavMon_LW_Plot_28,,retained
uuid:c4ea3469-7e1c-474a-9ce6-fc1926e590e2/observations/quadrat_repeat[17],uuid:c4ea3469-7e1c-474a-9ce6-fc1926e590e2,17,no,,,0,,0.2341674,37.4032341,3.2,1779547274266.jpg, ,SavMon_LW_Plot_28,,retained
uuid:c4ea3469-7e1c-474a-9ce6-fc1926e590e2/observations/quadrat_repeat[18],uuid:c4ea3469-7e1c-474a-9ce6-fc1926e590e2,18,yes,yes,,0,yes,0.2341844,37.4032137,3.4,1779547353851.jpg,,SavMon_LW_Plot_28,,retained
uuid:c4ea3469-7e1c-474a-9ce6-fc1926e590e2/observations/quadrat_repeat[19],uuid:c4ea3469-7e1c-474a-9ce6-fc1926e590e2,19,yes,yes,,0,yes,0.2342242,37.4031704,3.4,1779547400684.jpg,,SavMon_LW_Plot_28,,retained
uuid:c4ea3469-7e1c-474a-9ce6-fc1926e590e2/observations/quadrat_repeat[20],uuid:c4ea3469-7e1c-474a-9ce6-fc1926e590e2,20,yes,yes,,0,yes,0.2342472,37.4031225,3.2,1779547462626.jpg,,SavMon_LW_Plot_28,,retained
uuid:9fd08bb2-7c3f-49f5-8ad8-dd6f45da94da/observations/quadrat_repeat[1],uuid:9fd08bb2-7c3f-49f5-8ad8-dd6f45da94da,1,yes,no,8fb56826-0f75-4fd9-afc2-f995f704dbcf 42b6fdde-7193-48e4-8a16-488eae05fab9 4c3c1743-5505-4c19-8499-5f3f89bcc48f 3c3ff64b-92fd-4d60-9022-63a7c599e108,4,yes,0.2313886,37.4000291,3.1,1779538868248.jpg,,SavMon_LW_Plot_01,,retained
uuid:9fd08bb2-7c3f-49f5-8ad8-dd6f45da94da/observations/quadrat_repeat[2],uuid:9fd08bb2-7c3f-49f5-8ad8-dd6f45da94da,2,yes,no,3c3ff64b-92fd-4d60-9022-63a7c599e108,1,yes,0.23123,37.4000831,2.7,1779539096791.jpg,,SavMon_LW_Plot_01,,retained
uuid:9fd08bb2-7c3f-49f5-8ad8-dd6f45da94da/observations/quadrat_repeat[3],uuid:9fd08bb2-7c3f-49f5-8ad8-dd6f45da94da,3,yes,no,42b6fdde-7193-48e4-8a16-488eae05fab9 c1a4c299-0f56-4c4b-92f9-b39be88b0291 4c3c1743-5505-4c19-8499-5f3f89bcc48f,3,yes,0.2313266,37.4001195,2.25,1779539430034.jpg,,SavMon_LW_Plot_01,,retained
uuid:9fd08bb2-7c3f-49f5-8ad8-dd6f45da94da/observations/quadrat_repeat[4],uuid:9fd08bb2-7c3f-49f5-8ad8-dd6f45da94da,4,yes,no,4c3c1743-5505-4c19-8499-5f3f89bcc48f,1,yes,0.2313023,37.4001653,1.9,1779539646961.jpg,,SavMon_LW_Plot_01,,retained
uuid:9fd08bb2-7c3f-49f5-8ad8-dd6f45da94da/observations/quadrat_repeat[5],uuid:9fd08bb2-7c3f-49f5-8ad8-dd6f45da94da,5,yes,yes,,0,yes,0.231238,37.4002053,4.1,1779539866697.jpg,,SavMon_LW_Plot_01,,retained
uuid:9fd08bb2-7c3f-49f5-8ad8-dd6f45da94da/observations/quadrat_repeat[6],uuid:9fd08bb2-7c3f-49f5-8ad8-dd6f45da94da,6,yes,no,fef04a86-9057-43e3-a920-1cc20a78d566 883b0fcc-8eea-4779-b237-22e299be16fc 7bad79fe-2bdc-435c-acab-1246afb4fc19,3,yes,0.2312303,37.4002503,3.6,1779540024502.jpg,,SavMon_LW_Plot_01,,retained
uuid:9fd08bb2-7c3f-49f5-8ad8-dd6f45da94da/observations/quadrat_repeat[7],uuid:9fd08bb2-7c3f-49f5-8ad8-dd6f45da94da,7,yes,yes,,0,yes,0.2312768,37.4002793,3.4,1779540146598.jpg,,SavMon_LW_Plot_01,,retained
uuid:9fd08bb2-7c3f-49f5-8ad8-dd6f45da94da/observations/quadrat_repeat[8],uuid:9fd08bb2-7c3f-49f5-8ad8-dd6f45da94da,8,yes,no,008f3da5-910b-4d85-a844-c5ab8b75fcd8 1dc71d7e-f47b-47f5-8dbb-7e82c9867534,2,yes,0.2312303,37.4003741,3.0,1779540316178.jpg,,SavMon_LW_Plot_01,,retained
uuid:9fd08bb2-7c3f-49f5-8ad8-dd6f45da94da/observations/quadrat_repeat[9],uuid:9fd08bb2-7c3f-49f5-8ad8-dd6f45da94da,9,yes,no,db3a7687-15f8-4b28-875a-6d5012afcc88,1,yes,0.2310683,37.4003949,4.1,1779540609344.jpg,,SavMon_LW_Plot_01,,retained
uuid:9fd08bb2-7c3f-49f5-8ad8-dd6f45da94da/observations/quadrat_repeat[10],uuid:9fd08bb2-7c3f-49f5-8ad8-dd6f45da94da,10,yes,no,008f3da5-910b-4d85-a844-c5ab8b75fcd8,1,yes,0.2311781,37.4003932,2.4,1779540684746.jpg,,SavMon_LW_Plot_01,,retained
uuid:9fd08bb2-7c3f-49f5-8ad8-dd6f45da94da/observations/quadrat_repeat[11],uuid:9fd08bb2-7c3f-49f5-8ad8-dd6f45da94da,11,yes,no,7bad79fe-2bdc-435c-acab-1246afb4fc19 008f3da5-910b-4d85-a844-c5ab8b75fcd8,2,yes,0.2311772,37.4003258,3.2,1779540873713.jpg,,SavMon_LW_Plot_01,,retained
uuid:9fd08bb2-7c3f-49f5-8ad8-dd6f45da94da/observations/quadrat_repeat[12],uuid:9fd08bb2-7c3f-49f5-8ad8-dd6f45da94da,12,yes,no,db3a7687-15f8-4b28-875a-6d5012afcc88 f407986d-94a5-4fa9-a058-b9f183687960 42b6fdde-7193-48e4-8a16-488eae05fab9,3,yes,0.2311925,37.4003164,3.8,1779541037678.jpg,,SavMon_LW_Plot_01,,retained
uuid:9fd08bb2-7c3f-49f5-8ad8-dd6f45da94da/observations/quadrat_repeat[13],uuid:9fd08bb2-7c3f-49f5-8ad8-dd6f45da94da,13,yes,no,008f3da5-910b-4d85-a844-c5ab8b75fcd8,1,no,0.2311526,37.4003028,4.0,1779541090337.jpg,,SavMon_LW_Plot_01,,retained
uuid:9fd08bb2-7c3f-49f5-8ad8-dd6f45da94da/observations/quadrat_repeat[14],uuid:9fd08bb2-7c3f-49f5-8ad8-dd6f45da94da,14,yes,no,4c3c1743-5505-4c19-8499-5f3f89bcc48f db3a7687-15f8-4b28-875a-6d5012afcc88,2,yes,0.2312303,37.4002503,3.5,1779541177017.jpg,,SavMon_LW_Plot_01,,retained
uuid:9fd08bb2-7c3f-49f5-8ad8-dd6f45da94da/observations/quadrat_repeat[15],uuid:9fd08bb2-7c3f-49f5-8ad8-dd6f45da94da,15,yes,yes,,0,yes,0.2312156,37.4002365,4.5,1779541289459.jpg,,SavMon_LW_Plot_01,,retained
uuid:9fd08bb2-7c3f-49f5-8ad8-dd6f45da94da/observations/quadrat_repeat[16],uuid:9fd08bb2-7c3f-49f5-8ad8-dd6f45da94da,16,yes,no,215c8636-1978-42aa-86a1-9c3b5962055b,1,yes,0.2312795,37.400157,4.4,1779541481473.jpg,,SavMon_LW_Plot_01,,retained
uuid:9fd08bb2-7c3f-49f5-8ad8-dd6f45da94da/observations/quadrat_repeat[17],uuid:9fd08bb2-7c3f-49f5-8ad8-dd6f45da94da,17,yes,no,cdc30e17-bf4f-4243-9c0b-0698d69bc373 fef04a86-9057-43e3-a920-1cc20a78d566 e3454aa0-e2f6-495b-9aea-90847fdd1858,3,yes,0.231308,37.4000918,4.5,1779541647140.jpg,,SavMon_LW_Plot_01,,retained
uuid:9fd08bb2-7c3f-49f5-8ad8-dd6f45da94da/observations/quadrat_repeat[18],uuid:9fd08bb2-7c3f-49f5-8ad8-dd6f45da94da,18,yes,no,008f3da5-910b-4d85-a844-c5ab8b75fcd8 883b0fcc-8eea-4779-b237-22e299be16fc,2,yes,0.2315934,37.3996187,4.4,1779541766333.jpg,,SavMon_LW_Plot_01,,retained
uuid:9fd08bb2-7c3f-49f5-8ad8-dd6f45da94da/observations/quadrat_repeat[19],uuid:9fd08bb2-7c3f-49f5-8ad8-dd6f45da94da,19,yes,no,008f3da5-910b-4d85-a844-c5ab8b75fcd8,1,yes,0.2313379,37.4000745,3.9,1779541870180.jpg,,SavMon_LW_Plot_01,,retained
uuid:9fd08bb2-7c3f-49f5-8ad8-dd6f45da94da/observations/quadrat_repeat[20],uuid:9fd08bb2-7c3f-49f5-8ad8-dd6f45da94da,20,yes,no,42b6fdde-7193-48e4-8a16-488eae05fab9 51a3efb3-9fe9-44f9-a052-11661a7152a1 4c3c1743-5505-4c19-8499-5f3f89bcc48f,3,yes,0.2313914,37.4000562,4.9,1779541969288.jpg,,SavMon_LW_Plot_01,,retained
uuid:ebe93f04-c927-4af3-9668-21b6540c01ea/observations/quadrat_repeat[1],uuid:ebe93f04-c927-4af3-9668-21b6540c01ea,1,yes,yes,,0,yes,0.2343154,37.3967112,2.5,1779529676008.jpg,,SavMon_LW_Plot_13,,retained
uuid:ebe93f04-c927-4af3-9668-21b6540c01ea/observations/quadrat_repeat[2],uuid:ebe93f04-c927-4af3-9668-21b6540c01ea,2,yes,yes,,0,yes,0.2343619,37.3967147,3.2,1779530044923.jpg,,SavMon_LW_Plot_13,,retained
uuid:ebe93f04-c927-4af3-9668-21b6540c01ea/observations/quadrat_repeat[3],uuid:ebe93f04-c927-4af3-9668-21b6540c01ea,3,yes,no,008f3da5-910b-4d85-a844-c5ab8b75fcd8,1,yes,0.2342347,37.3966461,4.1,1779530288722.jpg,,SavMon_LW_Plot_13,,retained
uuid:ebe93f04-c927-4af3-9668-21b6540c01ea/observations/quadrat_repeat[4],uuid:ebe93f04-c927-4af3-9668-21b6540c01ea,4,yes,yes,,0,yes,0.2342886,37.3967694,4.0,1779530529756.jpg,,SavMon_LW_Plot_13,,retained
uuid:ebe93f04-c927-4af3-9668-21b6540c01ea/observations/quadrat_repeat[5],uuid:ebe93f04-c927-4af3-9668-21b6540c01ea,5,yes,no,42b6fdde-7193-48e4-8a16-488eae05fab9,1,yes,0.2342599,37.3968935,2.6,1779530823675.jpg,,SavMon_LW_Plot_13,,retained
uuid:ebe93f04-c927-4af3-9668-21b6540c01ea/observations/quadrat_repeat[6],uuid:ebe93f04-c927-4af3-9668-21b6540c01ea,6,yes,no,008f3da5-910b-4d85-a844-c5ab8b75fcd8,1,yes,0.2342273,37.3968799,2.35,1779531128157.jpg,,SavMon_LW_Plot_13,,retained
uuid:ebe93f04-c927-4af3-9668-21b6540c01ea/observations/quadrat_repeat[7],uuid:ebe93f04-c927-4af3-9668-21b6540c01ea,7,yes,yes,,0,yes,0.2342945,37.3969652,2.25,1779531475135.jpg,,SavMon_LW_Plot_13,,retained
uuid:ebe93f04-c927-4af3-9668-21b6540c01ea/observations/quadrat_repeat[8],uuid:ebe93f04-c927-4af3-9668-21b6540c01ea,8,yes,no,008f3da5-910b-4d85-a844-c5ab8b75fcd8,1,yes,0.23425,37.397016,3.5,1779531691497.jpg,,SavMon_LW_Plot_13,,retained
uuid:ebe93f04-c927-4af3-9668-21b6540c01ea/observations/quadrat_repeat[9],uuid:ebe93f04-c927-4af3-9668-21b6540c01ea,9,yes,yes,,0,yes,0.2341635,37.3970027,3.25,1779531957099.jpg,,SavMon_LW_Plot_13,,retained
uuid:ebe93f04-c927-4af3-9668-21b6540c01ea/observations/quadrat_repeat[10],uuid:ebe93f04-c927-4af3-9668-21b6540c01ea,10,yes,no,42b6fdde-7193-48e4-8a16-488eae05fab9,1,yes,0.2341269,37.3970812,3.0,1779532198111.jpg,,SavMon_LW_Plot_13,,retained
uuid:ebe93f04-c927-4af3-9668-21b6540c01ea/observations/quadrat_repeat[11],uuid:ebe93f04-c927-4af3-9668-21b6540c01ea,11,yes,no,008f3da5-910b-4d85-a844-c5ab8b75fcd8,1,yes,0.2341316,37.3970425,3.1,1779532448883.jpg,,SavMon_LW_Plot_13,,retained
uuid:ebe93f04-c927-4af3-9668-21b6540c01ea/observations/quadrat_repeat[12],uuid:ebe93f04-c927-4af3-9668-21b6540c01ea,12,yes,no,008f3da5-910b-4d85-a844-c5ab8b75fcd8,1,yes,0.2341938,37.3970249,2.2,1779532638786.jpg,,SavMon_LW_Plot_13,,retained
uuid:ebe93f04-c927-4af3-9668-21b6540c01ea/observations/quadrat_repeat[13],uuid:ebe93f04-c927-4af3-9668-21b6540c01ea,13,yes,no,7bad79fe-2bdc-435c-acab-1246afb4fc19,1,yes,0.2341839,37.3969686,2.4,1779532806625.jpg,,SavMon_LW_Plot_13,,retained
uuid:ebe93f04-c927-4af3-9668-21b6540c01ea/observations/quadrat_repeat[14],uuid:ebe93f04-c927-4af3-9668-21b6540c01ea,14,yes,no,008f3da5-910b-4d85-a844-c5ab8b75fcd8,1,yes,0.234185,37.3969298,2.95,1779532979922.jpg,,SavMon_LW_Plot_13,,retained
uuid:ebe93f04-c927-4af3-9668-21b6540c01ea/observations/quadrat_repeat[15],uuid:ebe93f04-c927-4af3-9668-21b6540c01ea,15,yes,yes,,0,yes,0.2341978,37.3969328,2.3,1779533125509.jpg,,SavMon_LW_Plot_13,,retained
uuid:ebe93f04-c927-4af3-9668-21b6540c01ea/observations/quadrat_repeat[16],uuid:ebe93f04-c927-4af3-9668-21b6540c01ea,16,yes,no,cdc30e17-bf4f-4243-9c0b-0698d69bc373,1,yes,0.2342857,37.3968446,2.15,1779533291358.jpg,,SavMon_LW_Plot_13,,retained
uuid:ebe93f04-c927-4af3-9668-21b6540c01ea/observations/quadrat_repeat[17],uuid:ebe93f04-c927-4af3-9668-21b6540c01ea,17,yes,no,008f3da5-910b-4d85-a844-c5ab8b75fcd8,1,yes,0.2342677,37.396823,2.9,1779533428787.jpg,,SavMon_LW_Plot_13,,retained
uuid:ebe93f04-c927-4af3-9668-21b6540c01ea/observations/quadrat_repeat[18],uuid:ebe93f04-c927-4af3-9668-21b6540c01ea,18,yes,no,008f3da5-910b-4d85-a844-c5ab8b75fcd8,1,yes,0.2343004,37.3967856,2.2,1779533552374.jpg,,SavMon_LW_Plot_13,,retained
uuid:ebe93f04-c927-4af3-9668-21b6540c01ea/observations/quadrat_repeat[19],uuid:ebe93f04-c927-4af3-9668-21b6540c01ea,19,yes,no,008f3da5-910b-4d85-a844-c5ab8b75fcd8,1,yes,0.2342969,37.3967306,2.4,1779533651350.jpg,"
",SavMon_LW_Plot_13,,retained
uuid:ebe93f04-c927-4af3-9668-21b6540c01ea/observations/quadrat_repeat[20],uuid:ebe93f04-c927-4af3-9668-21b6540c01ea,20,yes,yes,,0,yes,0.2343028,37.3966749,2.1,1779533764940.jpg,,SavMon_LW_Plot_13,,retained
uuid:b940a5e4-f4ed-4120-ba4e-70f858b86dfd/observations/quadrat_repeat[1],uuid:b940a5e4-f4ed-4120-ba4e-70f858b86dfd,1,yes,no,7bad79fe-2bdc-435c-acab-1246afb4fc19 883b0fcc-8eea-4779-b237-22e299be16fc,2,yes,0.232455,37.3826122,2.5,1779525532477.jpg,,SavMon_LW_Plot_17,,retained
uuid:b940a5e4-f4ed-4120-ba4e-70f858b86dfd/observations/quadrat_repeat[2],uuid:b940a5e4-f4ed-4120-ba4e-70f858b86dfd,2,yes,no,42b6fdde-7193-48e4-8a16-488eae05fab9,1,yes,0.2324668,37.3826755,4.1,1779525746908.jpg,,SavMon_LW_Plot_17,,retained
uuid:b940a5e4-f4ed-4120-ba4e-70f858b86dfd/observations/quadrat_repeat[3],uuid:b940a5e4-f4ed-4120-ba4e-70f858b86dfd,3,yes,no,fef04a86-9057-43e3-a920-1cc20a78d566,1,yes,0.2325571,37.3827281,4.2,1779526042744.jpg,,SavMon_LW_Plot_17,,retained
uuid:b940a5e4-f4ed-4120-ba4e-70f858b86dfd/observations/quadrat_repeat[4],uuid:b940a5e4-f4ed-4120-ba4e-70f858b86dfd,4,yes,no,883b0fcc-8eea-4779-b237-22e299be16fc fef04a86-9057-43e3-a920-1cc20a78d566 7bad79fe-2bdc-435c-acab-1246afb4fc19,3,yes,0.232507,37.3828013,2.6,1779526340739.jpg,,SavMon_LW_Plot_17,,retained
uuid:b940a5e4-f4ed-4120-ba4e-70f858b86dfd/observations/quadrat_repeat[5],uuid:b940a5e4-f4ed-4120-ba4e-70f858b86dfd,5,yes,no,f407986d-94a5-4fa9-a058-b9f183687960 883b0fcc-8eea-4779-b237-22e299be16fc 7bad79fe-2bdc-435c-acab-1246afb4fc19,3,yes,0.2324968,37.3828037,3.8,1779526472079.jpg,,SavMon_LW_Plot_17,,retained
uuid:b940a5e4-f4ed-4120-ba4e-70f858b86dfd/observations/quadrat_repeat[6],uuid:b940a5e4-f4ed-4120-ba4e-70f858b86dfd,6,yes,yes,,0,yes,0.2325796,37.3828719,2.9,1779526657609.jpg,,SavMon_LW_Plot_17,,retained
uuid:b940a5e4-f4ed-4120-ba4e-70f858b86dfd/observations/quadrat_repeat[7],uuid:b940a5e4-f4ed-4120-ba4e-70f858b86dfd,7,yes,no,42b6fdde-7193-48e4-8a16-488eae05fab9 7bad79fe-2bdc-435c-acab-1246afb4fc19,2,yes,0.2325645,37.3828953,4.6,1779526737614.jpg,,SavMon_LW_Plot_17,,retained
uuid:b940a5e4-f4ed-4120-ba4e-70f858b86dfd/observations/quadrat_repeat[8],uuid:b940a5e4-f4ed-4120-ba4e-70f858b86dfd,8,yes,no,7bad79fe-2bdc-435c-acab-1246afb4fc19,1,yes,0.23257,37.382906,3.7,1779526891578.jpg,,SavMon_LW_Plot_17,,retained
uuid:b940a5e4-f4ed-4120-ba4e-70f858b86dfd/observations/quadrat_repeat[9],uuid:b940a5e4-f4ed-4120-ba4e-70f858b86dfd,9,yes,no,7bad79fe-2bdc-435c-acab-1246afb4fc19,1,yes,0.2325728,37.3829587,3.6,1779526972240.jpg,,SavMon_LW_Plot_17,,retained
uuid:b940a5e4-f4ed-4120-ba4e-70f858b86dfd/observations/quadrat_repeat[10],uuid:b940a5e4-f4ed-4120-ba4e-70f858b86dfd,10,yes,no,7bad79fe-2bdc-435c-acab-1246afb4fc19,1,yes,0.232621,37.3830573,4.85,1779527023166.jpg,,SavMon_LW_Plot_17,,retained
uuid:b940a5e4-f4ed-4120-ba4e-70f858b86dfd/observations/quadrat_repeat[11],uuid:b940a5e4-f4ed-4120-ba4e-70f858b86dfd,11,yes,no,883b0fcc-8eea-4779-b237-22e299be16fc 7bad79fe-2bdc-435c-acab-1246afb4fc19 4c3c1743-5505-4c19-8499-5f3f89bcc48f,3,yes,0.2325159,37.3830419,4.7,1779527137508.jpg,,SavMon_LW_Plot_17,,retained
uuid:b940a5e4-f4ed-4120-ba4e-70f858b86dfd/observations/quadrat_repeat[12],uuid:b940a5e4-f4ed-4120-ba4e-70f858b86dfd,12,yes,no,7bad79fe-2bdc-435c-acab-1246afb4fc19,1,yes,0.2325501,37.3830231,4.6,1779527215489.jpg,,SavMon_LW_Plot_17,,retained
uuid:b940a5e4-f4ed-4120-ba4e-70f858b86dfd/observations/quadrat_repeat[13],uuid:b940a5e4-f4ed-4120-ba4e-70f858b86dfd,13,yes,no,918a4122-ccf7-4781-8448-7eae7aac7c44,1,yes,0.2325292,37.3829273,4.55,1779527396938.jpg,L,SavMon_LW_Plot_17,,retained
uuid:b940a5e4-f4ed-4120-ba4e-70f858b86dfd/observations/quadrat_repeat[14],uuid:b940a5e4-f4ed-4120-ba4e-70f858b86dfd,14,yes,no,7bad79fe-2bdc-435c-acab-1246afb4fc19 fef04a86-9057-43e3-a920-1cc20a78d566,2,yes,0.232554,37.3829642,5.0,1779527472672.jpg,,SavMon_LW_Plot_17,,retained
uuid:b940a5e4-f4ed-4120-ba4e-70f858b86dfd/observations/quadrat_repeat[15],uuid:b940a5e4-f4ed-4120-ba4e-70f858b86dfd,15,yes,yes,,0,yes,0.2324723,37.3829084,3.9,1779527522942.jpg,,SavMon_LW_Plot_17,,retained
uuid:b940a5e4-f4ed-4120-ba4e-70f858b86dfd/observations/quadrat_repeat[16],uuid:b940a5e4-f4ed-4120-ba4e-70f858b86dfd,16,yes,no,f407986d-94a5-4fa9-a058-b9f183687960 fef04a86-9057-43e3-a920-1cc20a78d566,2,yes,0.2325065,37.3828168,3.9,1779527633230.jpg,,SavMon_LW_Plot_17,,retained
uuid:b940a5e4-f4ed-4120-ba4e-70f858b86dfd/observations/quadrat_repeat[17],uuid:b940a5e4-f4ed-4120-ba4e-70f858b86dfd,17,yes,no,7bad79fe-2bdc-435c-acab-1246afb4fc19,1,yes,0.2324377,37.3827896,4.64,1779527754378.jpg,",",SavMon_LW_Plot_17,,retained
uuid:b940a5e4-f4ed-4120-ba4e-70f858b86dfd/observations/quadrat_repeat[18],uuid:b940a5e4-f4ed-4120-ba4e-70f858b86dfd,18,yes,no,fef04a86-9057-43e3-a920-1cc20a78d566,1,yes,0.2324306,37.3827347,3.6,1779527801862.jpg,,SavMon_LW_Plot_17,,retained
uuid:b940a5e4-f4ed-4120-ba4e-70f858b86dfd/observations/quadrat_repeat[19],uuid:b940a5e4-f4ed-4120-ba4e-70f858b86dfd,19,yes,yes,,0,yes,0.2324751,37.3827351,4.3,1779527884305.jpg,,SavMon_LW_Plot_17,,retained
uuid:b940a5e4-f4ed-4120-ba4e-70f858b86dfd/observations/quadrat_repeat[20],uuid:b940a5e4-f4ed-4120-ba4e-70f858b86dfd,20,yes,no,fef04a86-9057-43e3-a920-1cc20a78d566,1,yes,0.2324212,37.3826883,2.6,1779527982967.jpg,,SavMon_LW_Plot_17,,retained
uuid:7ae61d55-3663-422e-aad2-9104b56c9a47/observations/quadrat_repeat[1],uuid:7ae61d55-3663-422e-aad2-9104b56c9a47,1,yes,no,8fb56826-0f75-4fd9-afc2-f995f704dbcf fef04a86-9057-43e3-a920-1cc20a78d566,2,yes,0.2316871,37.3692514,4.066,1779519366562.jpg,,SavMon_LW_Plot_06,,retained
uuid:7ae61d55-3663-422e-aad2-9104b56c9a47/observations/quadrat_repeat[2],uuid:7ae61d55-3663-422e-aad2-9104b56c9a47,2,yes,no,8fb56826-0f75-4fd9-afc2-f995f704dbcf,1,yes,0.2317248,37.3693679,2.3,1779519646722.jpg,,SavMon_LW_Plot_06,,retained
uuid:7ae61d55-3663-422e-aad2-9104b56c9a47/observations/quadrat_repeat[3],uuid:7ae61d55-3663-422e-aad2-9104b56c9a47,3,yes,no,8fb56826-0f75-4fd9-afc2-f995f704dbcf,1,yes,0.2315483,37.3694143,2.6,1779520902968.jpg,,SavMon_LW_Plot_06,,retained
uuid:7ae61d55-3663-422e-aad2-9104b56c9a47/observations/quadrat_repeat[4],uuid:7ae61d55-3663-422e-aad2-9104b56c9a47,4,yes,no,8fb56826-0f75-4fd9-afc2-f995f704dbcf fef04a86-9057-43e3-a920-1cc20a78d566,2,yes,0.2316478,37.3693972,2.1,1779521041707.jpg,,SavMon_LW_Plot_06,,retained
uuid:7ae61d55-3663-422e-aad2-9104b56c9a47/observations/quadrat_repeat[5],uuid:7ae61d55-3663-422e-aad2-9104b56c9a47,5,yes,no,8fb56826-0f75-4fd9-afc2-f995f704dbcf,1,yes,0.2315998,37.3693458,3.1,1779521202936.jpg,,SavMon_LW_Plot_06,,retained
uuid:7ae61d55-3663-422e-aad2-9104b56c9a47/observations/quadrat_repeat[6],uuid:7ae61d55-3663-422e-aad2-9104b56c9a47,6,yes,no,8fb56826-0f75-4fd9-afc2-f995f704dbcf,1,yes,0.2316269,37.3695274,3.2,1779521277439.jpg,,SavMon_LW_Plot_06,,retained
uuid:7ae61d55-3663-422e-aad2-9104b56c9a47/observations/quadrat_repeat[7],uuid:7ae61d55-3663-422e-aad2-9104b56c9a47,7,yes,no,fef04a86-9057-43e3-a920-1cc20a78d566,1,yes,0.23181,37.3694748,3.3,1779521458432.jpg,,SavMon_LW_Plot_06,,retained
uuid:7ae61d55-3663-422e-aad2-9104b56c9a47/observations/quadrat_repeat[8],uuid:7ae61d55-3663-422e-aad2-9104b56c9a47,8,yes,no,8fb56826-0f75-4fd9-afc2-f995f704dbcf e3454aa0-e2f6-495b-9aea-90847fdd1858,2,yes,0.2317772,37.3695927,2.8,1779521537043.jpg, ,SavMon_LW_Plot_06,,retained
uuid:7ae61d55-3663-422e-aad2-9104b56c9a47/observations/quadrat_repeat[9],uuid:7ae61d55-3663-422e-aad2-9104b56c9a47,9,yes,no,8fb56826-0f75-4fd9-afc2-f995f704dbcf fef04a86-9057-43e3-a920-1cc20a78d566,2,yes,0.2318513,37.3695835,2.7,1779521602906.jpg,,SavMon_LW_Plot_06,,retained
uuid:7ae61d55-3663-422e-aad2-9104b56c9a47/observations/quadrat_repeat[10],uuid:7ae61d55-3663-422e-aad2-9104b56c9a47,10,yes,no,fef04a86-9057-43e3-a920-1cc20a78d566 883b0fcc-8eea-4779-b237-22e299be16fc,2,yes,0.2316333,37.3697077,2.45,1779522251706.jpg, ,SavMon_LW_Plot_06,,retained
uuid:7ae61d55-3663-422e-aad2-9104b56c9a47/observations/quadrat_repeat[11],uuid:7ae61d55-3663-422e-aad2-9104b56c9a47,11,yes,no,8fb56826-0f75-4fd9-afc2-f995f704dbcf 4c3c1743-5505-4c19-8499-5f3f89bcc48f e3454aa0-e2f6-495b-9aea-90847fdd1858 fef04a86-9057-43e3-a920-1cc20a78d566,4,yes,0.2315903,37.3697043,2.35,1779522397342.jpg,,SavMon_LW_Plot_06,,retained
uuid:7ae61d55-3663-422e-aad2-9104b56c9a47/observations/quadrat_repeat[12],uuid:7ae61d55-3663-422e-aad2-9104b56c9a47,12,yes,no,8fb56826-0f75-4fd9-afc2-f995f704dbcf 883b0fcc-8eea-4779-b237-22e299be16fc,2,yes,0.2317044,37.3696793,4.775,1779522614652.jpg,,SavMon_LW_Plot_06,,retained
uuid:7ae61d55-3663-422e-aad2-9104b56c9a47/observations/quadrat_repeat[13],uuid:7ae61d55-3663-422e-aad2-9104b56c9a47,13,yes,no,8fb56826-0f75-4fd9-afc2-f995f704dbcf,1,yes,0.2315677,37.369641,3.1,1779522703995.jpg,,SavMon_LW_Plot_06,,retained
uuid:7ae61d55-3663-422e-aad2-9104b56c9a47/observations/quadrat_repeat[14],uuid:7ae61d55-3663-422e-aad2-9104b56c9a47,14,yes,no,fef04a86-9057-43e3-a920-1cc20a78d566 7bad79fe-2bdc-435c-acab-1246afb4fc19,2,yes,0.2315825,37.3696254,3.0,1779522776407.jpg,,SavMon_LW_Plot_06,,retained
uuid:7ae61d55-3663-422e-aad2-9104b56c9a47/observations/quadrat_repeat[15],uuid:7ae61d55-3663-422e-aad2-9104b56c9a47,15,yes,yes,,0,yes,0.2315794,37.3695333,3.75,1779522835956.jpg,,SavMon_LW_Plot_06,,retained
uuid:7ae61d55-3663-422e-aad2-9104b56c9a47/observations/quadrat_repeat[16],uuid:7ae61d55-3663-422e-aad2-9104b56c9a47,16,yes,yes,,0,yes,0.2316191,37.3694996,3.9,1779522899192.jpg,,SavMon_LW_Plot_06,,retained
uuid:7ae61d55-3663-422e-aad2-9104b56c9a47/observations/quadrat_repeat[17],uuid:7ae61d55-3663-422e-aad2-9104b56c9a47,17,yes,no,fef04a86-9057-43e3-a920-1cc20a78d566 8fb56826-0f75-4fd9-afc2-f995f704dbcf,2,yes,0.2316896,37.3694178,4.1,1779523048047.jpg, ,SavMon_LW_Plot_06,,retained
uuid:7ae61d55-3663-422e-aad2-9104b56c9a47/observations/quadrat_repeat[18],uuid:7ae61d55-3663-422e-aad2-9104b56c9a47,18,yes,yes,,0,yes,0.2316271,37.3694214,2.15,1779523392204.jpg,,SavMon_LW_Plot_06,,retained
uuid:7ae61d55-3663-422e-aad2-9104b56c9a47/observations/quadrat_repeat[19],uuid:7ae61d55-3663-422e-aad2-9104b56c9a47,19,yes,no,8fb56826-0f75-4fd9-afc2-f995f704dbcf,1,yes,0.2316784,37.3693057,2.25,1779523614771.jpg,,SavMon_LW_Plot_06,,retained
uuid:7ae61d55-3663-422e-aad2-9104b56c9a47/observations/quadrat_repeat[20],uuid:7ae61d55-3663-422e-aad2-9104b56c9a47,20,yes,yes,,0,yes,0.2315807,37.369312,4.2,1779523724246.jpg,,SavMon_LW_Plot_06,,retained
uuid:dae71a1b-a6f9-4a6d-a7e5-8ffbb89fad6f/observations/quadrat_repeat[1],uuid:dae71a1b-a6f9-4a6d-a7e5-8ffbb89fad6f,1,yes,no,205ebff1-7ff4-472d-8e20-9472eb0c5824,1,yes,0.2694493,37.496548,3.0,1779461066245.jpg,,SavMon_LW_Plot_46,,retained
uuid:dae71a1b-a6f9-4a6d-a7e5-8ffbb89fad6f/observations/quadrat_repeat[2],uuid:dae71a1b-a6f9-4a6d-a7e5-8ffbb89fad6f,2,yes,no,205ebff1-7ff4-472d-8e20-9472eb0c5824 fef04a86-9057-43e3-a920-1cc20a78d566,2,yes,0.269464,37.4966421,3.0,1779461248557.jpg,,SavMon_LW_Plot_46,,retained
uuid:dae71a1b-a6f9-4a6d-a7e5-8ffbb89fad6f/observations/quadrat_repeat[3],uuid:dae71a1b-a6f9-4a6d-a7e5-8ffbb89fad6f,3,yes,yes,,0,yes,0.2694259,37.4966089,2.4,1779461556540.jpg,,SavMon_LW_Plot_46,,retained
uuid:dae71a1b-a6f9-4a6d-a7e5-8ffbb89fad6f/observations/quadrat_repeat[4],uuid:dae71a1b-a6f9-4a6d-a7e5-8ffbb89fad6f,4,yes,no,db3a7687-15f8-4b28-875a-6d5012afcc88,1,yes,0.2693566,37.496738,2.15,1779461874374.jpg,,SavMon_LW_Plot_46,,retained
uuid:dae71a1b-a6f9-4a6d-a7e5-8ffbb89fad6f/observations/quadrat_repeat[5],uuid:dae71a1b-a6f9-4a6d-a7e5-8ffbb89fad6f,5,yes,no,205ebff1-7ff4-472d-8e20-9472eb0c5824,1,yes,0.2693784,37.4967358,2.2,1779461988453.jpg,,SavMon_LW_Plot_46,,retained
uuid:dae71a1b-a6f9-4a6d-a7e5-8ffbb89fad6f/observations/quadrat_repeat[6],uuid:dae71a1b-a6f9-4a6d-a7e5-8ffbb89fad6f,6,yes,no,205ebff1-7ff4-472d-8e20-9472eb0c5824,1,yes,0.269387,37.496764,2.8,1779462043944.jpg,,SavMon_LW_Plot_46,,retained
uuid:dae71a1b-a6f9-4a6d-a7e5-8ffbb89fad6f/observations/quadrat_repeat[7],uuid:dae71a1b-a6f9-4a6d-a7e5-8ffbb89fad6f,7,yes,no,db3a7687-15f8-4b28-875a-6d5012afcc88,1,no,0.2693681,37.4968192,2.95,1779462094776.jpg,,SavMon_LW_Plot_46,,retained
uuid:dae71a1b-a6f9-4a6d-a7e5-8ffbb89fad6f/observations/quadrat_repeat[8],uuid:dae71a1b-a6f9-4a6d-a7e5-8ffbb89fad6f,8,yes,no,205ebff1-7ff4-472d-8e20-9472eb0c5824,1,no,0.2693483,37.4968516,3.8,1779462165061.jpg,,SavMon_LW_Plot_46,,retained
uuid:dae71a1b-a6f9-4a6d-a7e5-8ffbb89fad6f/observations/quadrat_repeat[9],uuid:dae71a1b-a6f9-4a6d-a7e5-8ffbb89fad6f,9,yes,no,db3a7687-15f8-4b28-875a-6d5012afcc88 205ebff1-7ff4-472d-8e20-9472eb0c5824 f407986d-94a5-4fa9-a058-b9f183687960,3,yes,0.2693199,37.4969089,2.8,1779462236422.jpg,,SavMon_LW_Plot_46,,retained
uuid:dae71a1b-a6f9-4a6d-a7e5-8ffbb89fad6f/observations/quadrat_repeat[10],uuid:dae71a1b-a6f9-4a6d-a7e5-8ffbb89fad6f,10,yes,no,f407986d-94a5-4fa9-a058-b9f183687960 205ebff1-7ff4-472d-8e20-9472eb0c5824,2,yes,0.2693292,37.496939,3.2,1779462287220.jpg,,SavMon_LW_Plot_46,,retained
uuid:dae71a1b-a6f9-4a6d-a7e5-8ffbb89fad6f/observations/quadrat_repeat[11],uuid:dae71a1b-a6f9-4a6d-a7e5-8ffbb89fad6f,11,yes,no,205ebff1-7ff4-472d-8e20-9472eb0c5824,1,yes,0.2692605,37.4969108,3.0,1779462357428.jpg,,SavMon_LW_Plot_46,,retained
uuid:dae71a1b-a6f9-4a6d-a7e5-8ffbb89fad6f/observations/quadrat_repeat[12],uuid:dae71a1b-a6f9-4a6d-a7e5-8ffbb89fad6f,12,yes,no,205ebff1-7ff4-472d-8e20-9472eb0c5824,1,yes,0.269323,37.4969305,3.8,1779462415012.jpg,,SavMon_LW_Plot_46,,retained
uuid:dae71a1b-a6f9-4a6d-a7e5-8ffbb89fad6f/observations/quadrat_repeat[13],uuid:dae71a1b-a6f9-4a6d-a7e5-8ffbb89fad6f,13,yes,no,205ebff1-7ff4-472d-8e20-9472eb0c5824,1,yes,0.2692887,37.4968519,2.7,1779462465325.jpg,,SavMon_LW_Plot_46,,retained
uuid:dae71a1b-a6f9-4a6d-a7e5-8ffbb89fad6f/observations/quadrat_repeat[14],uuid:dae71a1b-a6f9-4a6d-a7e5-8ffbb89fad6f,14,yes,no,205ebff1-7ff4-472d-8e20-9472eb0c5824,1,yes,0.2692662,37.4968086,2.5,1779462500384.jpg,,SavMon_LW_Plot_46,,retained
uuid:dae71a1b-a6f9-4a6d-a7e5-8ffbb89fad6f/observations/quadrat_repeat[15],uuid:dae71a1b-a6f9-4a6d-a7e5-8ffbb89fad6f,15,yes,no,205ebff1-7ff4-472d-8e20-9472eb0c5824,1,no,0.2692795,37.4967739,2.9,1779462539061.jpg,,SavMon_LW_Plot_46,,retained
uuid:dae71a1b-a6f9-4a6d-a7e5-8ffbb89fad6f/observations/quadrat_repeat[16],uuid:dae71a1b-a6f9-4a6d-a7e5-8ffbb89fad6f,16,yes,yes,,0,yes,0.2693451,37.4967175,4.05,1779462607180.jpg,,SavMon_LW_Plot_46,,retained
uuid:dae71a1b-a6f9-4a6d-a7e5-8ffbb89fad6f/observations/quadrat_repeat[17],uuid:dae71a1b-a6f9-4a6d-a7e5-8ffbb89fad6f,17,yes,no,205ebff1-7ff4-472d-8e20-9472eb0c5824,1,yes,0.2693356,37.4966861,3.95,1779462693109.jpg,,SavMon_LW_Plot_46,,retained
uuid:dae71a1b-a6f9-4a6d-a7e5-8ffbb89fad6f/observations/quadrat_repeat[18],uuid:dae71a1b-a6f9-4a6d-a7e5-8ffbb89fad6f,18,yes,no,205ebff1-7ff4-472d-8e20-9472eb0c5824,1,yes,0.2693258,37.4966384,2.7,1779462738109.jpg,,SavMon_LW_Plot_46,,retained
uuid:dae71a1b-a6f9-4a6d-a7e5-8ffbb89fad6f/observations/quadrat_repeat[19],uuid:dae71a1b-a6f9-4a6d-a7e5-8ffbb89fad6f,19,yes,no,205ebff1-7ff4-472d-8e20-9472eb0c5824,1,yes,0.2693851,37.4965811,4.25,1779462816136.jpg,,SavMon_LW_Plot_46,,retained
uuid:dae71a1b-a6f9-4a6d-a7e5-8ffbb89fad6f/observations/quadrat_repeat[20],uuid:dae71a1b-a6f9-4a6d-a7e5-8ffbb89fad6f,20,yes,no,205ebff1-7ff4-472d-8e20-9472eb0c5824,1,yes,0.2694264,37.496563,3.7,1779462869251.jpg,,SavMon_LW_Plot_46,,retained
uuid:9ec95900-d4e8-4825-be75-07834b98cc6c/observations/quadrat_repeat[1],uuid:9ec95900-d4e8-4825-be75-07834b98cc6c,1,yes,yes,,0,yes,0.2191503,37.4937137,3.1,1779455911043.jpg,,SavMon_LW_Plot_19,,retained
uuid:9ec95900-d4e8-4825-be75-07834b98cc6c/observations/quadrat_repeat[2],uuid:9ec95900-d4e8-4825-be75-07834b98cc6c,2,yes,no,e3454aa0-e2f6-495b-9aea-90847fdd1858 8fb56826-0f75-4fd9-afc2-f995f704dbcf f407986d-94a5-4fa9-a058-b9f183687960 cdc30e17-bf4f-4243-9c0b-0698d69bc373,4,no,0.2190988,37.4938067,3.4,1779456141921.jpg,,SavMon_LW_Plot_19,,retained
uuid:9ec95900-d4e8-4825-be75-07834b98cc6c/observations/quadrat_repeat[3],uuid:9ec95900-d4e8-4825-be75-07834b98cc6c,3,yes,no,e3454aa0-e2f6-495b-9aea-90847fdd1858 8fb56826-0f75-4fd9-afc2-f995f704dbcf,2,yes,0.2190227,37.4935944,3.6,1779456382421.jpg,,SavMon_LW_Plot_19,,retained
uuid:9ec95900-d4e8-4825-be75-07834b98cc6c/observations/quadrat_repeat[4],uuid:9ec95900-d4e8-4825-be75-07834b98cc6c,4,yes,no,e3454aa0-e2f6-495b-9aea-90847fdd1858 8fb56826-0f75-4fd9-afc2-f995f704dbcf 205ebff1-7ff4-472d-8e20-9472eb0c5824,3,yes,0.2191235,37.4939166,2.6,1779456634791.jpg,,SavMon_LW_Plot_19,,retained
uuid:9ec95900-d4e8-4825-be75-07834b98cc6c/observations/quadrat_repeat[5],uuid:9ec95900-d4e8-4825-be75-07834b98cc6c,5,yes,no,e3454aa0-e2f6-495b-9aea-90847fdd1858 8fb56826-0f75-4fd9-afc2-f995f704dbcf,2,yes,0.2191658,37.4940097,2.6,1779456759865.jpg,,SavMon_LW_Plot_19,,retained
uuid:9ec95900-d4e8-4825-be75-07834b98cc6c/observations/quadrat_repeat[6],uuid:9ec95900-d4e8-4825-be75-07834b98cc6c,6,yes,no,e3454aa0-e2f6-495b-9aea-90847fdd1858 972e3d35-071b-4b53-b1f6-8741e2fa6eaf,2,yes,0.2192631,37.4940499,3.25,1779457172271.jpg,,SavMon_LW_Plot_19,,retained
uuid:9ec95900-d4e8-4825-be75-07834b98cc6c/observations/quadrat_repeat[7],uuid:9ec95900-d4e8-4825-be75-07834b98cc6c,7,yes,no,972e3d35-071b-4b53-b1f6-8741e2fa6eaf,1,yes,0.2194225,37.4939044,3.3,1779457330844.jpg,,SavMon_LW_Plot_19,,retained
uuid:9ec95900-d4e8-4825-be75-07834b98cc6c/observations/quadrat_repeat[8],uuid:9ec95900-d4e8-4825-be75-07834b98cc6c,8,yes,yes,,0,yes,0.2191984,37.4939695,4.4,1779458063403.jpg,,SavMon_LW_Plot_19,,retained
uuid:9ec95900-d4e8-4825-be75-07834b98cc6c/observations/quadrat_repeat[9],uuid:9ec95900-d4e8-4825-be75-07834b98cc6c,9,yes,no,3c3ff64b-92fd-4d60-9022-63a7c599e108 8fb56826-0f75-4fd9-afc2-f995f704dbcf,2,yes,0.2193625,37.4939432,4.8,1779458140777.jpg,,SavMon_LW_Plot_19,,retained
uuid:9ec95900-d4e8-4825-be75-07834b98cc6c/observations/quadrat_repeat[10],uuid:9ec95900-d4e8-4825-be75-07834b98cc6c,10,yes,no,8fb56826-0f75-4fd9-afc2-f995f704dbcf c1a4c299-0f56-4c4b-92f9-b39be88b0291 3c3ff64b-92fd-4d60-9022-63a7c599e108,3,yes,0.219337,37.4939764,4.6,1779458215702.jpg,,SavMon_LW_Plot_19,,retained
uuid:9ec95900-d4e8-4825-be75-07834b98cc6c/observations/quadrat_repeat[11],uuid:9ec95900-d4e8-4825-be75-07834b98cc6c,11,yes,no,cdc30e17-bf4f-4243-9c0b-0698d69bc373 e3454aa0-e2f6-495b-9aea-90847fdd1858,2,no,0.2193145,37.4939604,4.0,1779458256155.jpg,,SavMon_LW_Plot_19,,retained
uuid:9ec95900-d4e8-4825-be75-07834b98cc6c/observations/quadrat_repeat[12],uuid:9ec95900-d4e8-4825-be75-07834b98cc6c,12,no,,,0,,0.2194377,37.4939704,2.9,1779458320550.jpg,,SavMon_LW_Plot_19,,retained
uuid:9ec95900-d4e8-4825-be75-07834b98cc6c/observations/quadrat_repeat[13],uuid:9ec95900-d4e8-4825-be75-07834b98cc6c,13,yes,no,8fb56826-0f75-4fd9-afc2-f995f704dbcf,1,yes,0.2191599,37.4940308,3.6,1779458397141.jpg,,SavMon_LW_Plot_19,,retained
uuid:9ec95900-d4e8-4825-be75-07834b98cc6c/observations/quadrat_repeat[14],uuid:9ec95900-d4e8-4825-be75-07834b98cc6c,14,yes,no,972e3d35-071b-4b53-b1f6-8741e2fa6eaf,1,yes,0.2191231,37.4940351,2.45,1779458480477.jpg,,SavMon_LW_Plot_19,,retained
uuid:9ec95900-d4e8-4825-be75-07834b98cc6c/observations/quadrat_repeat[15],uuid:9ec95900-d4e8-4825-be75-07834b98cc6c,15,yes,no,e3454aa0-e2f6-495b-9aea-90847fdd1858,1,yes,0.2191527,37.4940068,2.2,1779458556826.jpg,,SavMon_LW_Plot_19,,retained
uuid:9ec95900-d4e8-4825-be75-07834b98cc6c/observations/quadrat_repeat[16],uuid:9ec95900-d4e8-4825-be75-07834b98cc6c,16,yes,no,e3454aa0-e2f6-495b-9aea-90847fdd1858,1,yes,0.2191097,37.4939418,3.45,1779458847570.jpg,,SavMon_LW_Plot_19,,retained
uuid:9ec95900-d4e8-4825-be75-07834b98cc6c/observations/quadrat_repeat[17],uuid:9ec95900-d4e8-4825-be75-07834b98cc6c,17,yes,yes,,0,yes,0.219119,37.4939084,3.45,1779458971767.jpg, ,SavMon_LW_Plot_19,,retained
uuid:9ec95900-d4e8-4825-be75-07834b98cc6c/observations/quadrat_repeat[18],uuid:9ec95900-d4e8-4825-be75-07834b98cc6c,18,yes,yes,,0,yes,0.2191315,37.4938337,2.4,1779459074943.jpg,,SavMon_LW_Plot_19,,retained
uuid:9ec95900-d4e8-4825-be75-07834b98cc6c/observations/quadrat_repeat[19],uuid:9ec95900-d4e8-4825-be75-07834b98cc6c,19,yes,yes,,0,yes,0.2190315,37.4938304,3.2,1779459137458.jpg,,SavMon_LW_Plot_19,,retained
uuid:9ec95900-d4e8-4825-be75-07834b98cc6c/observations/quadrat_repeat[20],uuid:9ec95900-d4e8-4825-be75-07834b98cc6c,20,yes,no,972e3d35-071b-4b53-b1f6-8741e2fa6eaf,1,yes,0.2190403,37.4937936,3.3,1779459216963.jpg,,SavMon_LW_Plot_19,,retained
uuid:c803a008-7014-4a4e-a485-68e1d90d767c/observations/quadrat_repeat[1],uuid:c803a008-7014-4a4e-a485-68e1d90d767c,1,yes,no,e3454aa0-e2f6-495b-9aea-90847fdd1858 cdc30e17-bf4f-4243-9c0b-0698d69bc373 4221e9df-7a67-4431-baa6-01fd5950e120,3,yes,0.2175379,37.4912399,2.6,1779450956425.jpg,,SavMon_LW_Plot_27,,retained
uuid:c803a008-7014-4a4e-a485-68e1d90d767c/observations/quadrat_repeat[2],uuid:c803a008-7014-4a4e-a485-68e1d90d767c,2,yes,no,e3454aa0-e2f6-495b-9aea-90847fdd1858 3c3ff64b-92fd-4d60-9022-63a7c599e108 42b6fdde-7193-48e4-8a16-488eae05fab9 cdc30e17-bf4f-4243-9c0b-0698d69bc373 8fb56826-0f75-4fd9-afc2-f995f704dbcf,5,yes,0.2175136,37.4912495,3.95,1779451175069.jpg,,SavMon_LW_Plot_27,,retained
uuid:c803a008-7014-4a4e-a485-68e1d90d767c/observations/quadrat_repeat[3],uuid:c803a008-7014-4a4e-a485-68e1d90d767c,3,yes,no,e3454aa0-e2f6-495b-9aea-90847fdd1858 3c3ff64b-92fd-4d60-9022-63a7c599e108 cdc30e17-bf4f-4243-9c0b-0698d69bc373,3,yes,0.2176553,37.4912898,4.6,1779451300188.jpg,,SavMon_LW_Plot_27,,retained
uuid:c803a008-7014-4a4e-a485-68e1d90d767c/observations/quadrat_repeat[4],uuid:c803a008-7014-4a4e-a485-68e1d90d767c,4,yes,yes,,0,yes,0.217596,37.491351,4.86,1779451553050.jpg,,SavMon_LW_Plot_27,,retained
uuid:c803a008-7014-4a4e-a485-68e1d90d767c/observations/quadrat_repeat[5],uuid:c803a008-7014-4a4e-a485-68e1d90d767c,5,yes,no,3c3ff64b-92fd-4d60-9022-63a7c599e108,1,yes,0.2174449,37.4914624,5.0,1779451634145.jpg,,SavMon_LW_Plot_27,,retained
uuid:c803a008-7014-4a4e-a485-68e1d90d767c/observations/quadrat_repeat[6],uuid:c803a008-7014-4a4e-a485-68e1d90d767c,6,yes,no,cdc30e17-bf4f-4243-9c0b-0698d69bc373 e3454aa0-e2f6-495b-9aea-90847fdd1858,2,no,0.2174916,37.4914706,4.2,1779451676562.jpg,,SavMon_LW_Plot_27,,retained
uuid:c803a008-7014-4a4e-a485-68e1d90d767c/observations/quadrat_repeat[7],uuid:c803a008-7014-4a4e-a485-68e1d90d767c,7,yes,no,3c3ff64b-92fd-4d60-9022-63a7c599e108 883b0fcc-8eea-4779-b237-22e299be16fc cdc30e17-bf4f-4243-9c0b-0698d69bc373 215c8636-1978-42aa-86a1-9c3b5962055b,4,yes,0.2176444,37.4914815,3.35,1779452036563.jpg,,SavMon_LW_Plot_27,,retained
uuid:c803a008-7014-4a4e-a485-68e1d90d767c/observations/quadrat_repeat[8],uuid:c803a008-7014-4a4e-a485-68e1d90d767c,8,yes,no,008f3da5-910b-4d85-a844-c5ab8b75fcd8,1,yes,0.2178771,37.4914433,4.52,1779452328379.jpg,,SavMon_LW_Plot_27,,retained
uuid:c803a008-7014-4a4e-a485-68e1d90d767c/observations/quadrat_repeat[9],uuid:c803a008-7014-4a4e-a485-68e1d90d767c,9,yes,no,883b0fcc-8eea-4779-b237-22e299be16fc 008f3da5-910b-4d85-a844-c5ab8b75fcd8,2,yes,0.2176031,37.4916279,4.816,1779452442814.jpg,,SavMon_LW_Plot_27,,retained
uuid:c803a008-7014-4a4e-a485-68e1d90d767c/observations/quadrat_repeat[10],uuid:c803a008-7014-4a4e-a485-68e1d90d767c,10,yes,yes,,0,yes,0.2175539,37.4916368,5.0,1779452541732.jpg,,SavMon_LW_Plot_27,,retained
uuid:c803a008-7014-4a4e-a485-68e1d90d767c/observations/quadrat_repeat[11],uuid:c803a008-7014-4a4e-a485-68e1d90d767c,11,yes,no,008f3da5-910b-4d85-a844-c5ab8b75fcd8 883b0fcc-8eea-4779-b237-22e299be16fc,2,yes,0.2175344,37.4916232,4.0,1779452918460.jpg,,SavMon_LW_Plot_27,,retained
uuid:c803a008-7014-4a4e-a485-68e1d90d767c/observations/quadrat_repeat[12],uuid:c803a008-7014-4a4e-a485-68e1d90d767c,12,yes,no,008f3da5-910b-4d85-a844-c5ab8b75fcd8,1,yes,0.2175073,37.4916197,4.5,1779452989086.jpg,,SavMon_LW_Plot_27,,retained
uuid:c803a008-7014-4a4e-a485-68e1d90d767c/observations/quadrat_repeat[13],uuid:c803a008-7014-4a4e-a485-68e1d90d767c,13,yes,no,883b0fcc-8eea-4779-b237-22e299be16fc,1,yes,0.2174599,37.4915365,4.975,1779453061247.jpg,,SavMon_LW_Plot_27,,retained
uuid:c803a008-7014-4a4e-a485-68e1d90d767c/observations/quadrat_repeat[14],uuid:c803a008-7014-4a4e-a485-68e1d90d767c,14,yes,no,3c3ff64b-92fd-4d60-9022-63a7c599e108 008f3da5-910b-4d85-a844-c5ab8b75fcd8,2,yes,0.2174933,37.4914816,4.5,1779453182762.jpg,,SavMon_LW_Plot_27,,retained
uuid:c803a008-7014-4a4e-a485-68e1d90d767c/observations/quadrat_repeat[15],uuid:c803a008-7014-4a4e-a485-68e1d90d767c,15,yes,no,215c8636-1978-42aa-86a1-9c3b5962055b,1,yes,0.217445,37.4914316,3.9,1779453276962.jpg,,SavMon_LW_Plot_27,,retained
uuid:c803a008-7014-4a4e-a485-68e1d90d767c/observations/quadrat_repeat[16],uuid:c803a008-7014-4a4e-a485-68e1d90d767c,16,yes,no,008f3da5-910b-4d85-a844-c5ab8b75fcd8 d28bc79a-42b8-4cf2-991b-acd944f819fa,2,yes,0.2174529,37.4913792,3.5,1779453418944.jpg,,SavMon_LW_Plot_27,,retained
uuid:c803a008-7014-4a4e-a485-68e1d90d767c/observations/quadrat_repeat[17],uuid:c803a008-7014-4a4e-a485-68e1d90d767c,17,yes,yes,,0,yes,0.217485,37.4913859,4.15,1779453529361.jpg,,SavMon_LW_Plot_27,,retained
uuid:c803a008-7014-4a4e-a485-68e1d90d767c/observations/quadrat_repeat[18],uuid:c803a008-7014-4a4e-a485-68e1d90d767c,18,yes,yes,,0,yes,0.21743,37.4913304,3.45,1779453690903.jpg,,SavMon_LW_Plot_27,,retained
uuid:c803a008-7014-4a4e-a485-68e1d90d767c/observations/quadrat_repeat[19],uuid:c803a008-7014-4a4e-a485-68e1d90d767c,19,yes,no,e3454aa0-e2f6-495b-9aea-90847fdd1858 4221e9df-7a67-4431-baa6-01fd5950e120 5cc38ec9-36c1-4825-8985-275b3ac4eb8f,3,yes,0.2175237,37.4912343,4.3,1779453968830.jpg,,SavMon_LW_Plot_27,,retained
uuid:c803a008-7014-4a4e-a485-68e1d90d767c/observations/quadrat_repeat[20],uuid:c803a008-7014-4a4e-a485-68e1d90d767c,20,yes,no,e3454aa0-e2f6-495b-9aea-90847fdd1858 cdc30e17-bf4f-4243-9c0b-0698d69bc373,2,yes,0.2174447,37.4912158,4.7,1779454130706.jpg,,SavMon_LW_Plot_27,,retained
uuid:2439f628-f86d-4770-98d1-ae7b99a4d91f/observations/quadrat_repeat[1],uuid:2439f628-f86d-4770-98d1-ae7b99a4d91f,1,yes,no,3c3ff64b-92fd-4d60-9022-63a7c599e108 e3454aa0-e2f6-495b-9aea-90847fdd1858 42b6fdde-7193-48e4-8a16-488eae05fab9 883b0fcc-8eea-4779-b237-22e299be16fc cdc30e17-bf4f-4243-9c0b-0698d69bc373,5,yes,0.2176955,37.4881025,2.4,1779441577725.jpg,,SavMon_LW_Plot_26,,retained
uuid:2439f628-f86d-4770-98d1-ae7b99a4d91f/observations/quadrat_repeat[2],uuid:2439f628-f86d-4770-98d1-ae7b99a4d91f,2,yes,yes,,0,yes,0.2176645,37.4880913,3.7,1779441776755.jpg,,SavMon_LW_Plot_26,,retained
uuid:2439f628-f86d-4770-98d1-ae7b99a4d91f/observations/quadrat_repeat[3],uuid:2439f628-f86d-4770-98d1-ae7b99a4d91f,3,yes,yes,,0,yes,0.2176417,37.488138,2.6,1779442062449.jpg,,SavMon_LW_Plot_26,,retained
uuid:2439f628-f86d-4770-98d1-ae7b99a4d91f/observations/quadrat_repeat[4],uuid:2439f628-f86d-4770-98d1-ae7b99a4d91f,4,yes,no,8fb56826-0f75-4fd9-afc2-f995f704dbcf,1,yes,0.217635,37.4882857,4.6,1779443341707.jpg,,SavMon_LW_Plot_26,,retained
uuid:2439f628-f86d-4770-98d1-ae7b99a4d91f/observations/quadrat_repeat[5],uuid:2439f628-f86d-4770-98d1-ae7b99a4d91f,5,yes,yes,,0,yes,0.217614,37.4882571,4.1,1779443531967.jpg,,SavMon_LW_Plot_26,,retained
uuid:2439f628-f86d-4770-98d1-ae7b99a4d91f/observations/quadrat_repeat[6],uuid:2439f628-f86d-4770-98d1-ae7b99a4d91f,6,yes,no,d28bc79a-42b8-4cf2-991b-acd944f819fa,1,yes,0.2175892,37.4883292,3.0,1779444050226.jpg,,SavMon_LW_Plot_26,,retained
uuid:2439f628-f86d-4770-98d1-ae7b99a4d91f/observations/quadrat_repeat[7],uuid:2439f628-f86d-4770-98d1-ae7b99a4d91f,7,yes,no,d28bc79a-42b8-4cf2-991b-acd944f819fa cdc30e17-bf4f-4243-9c0b-0698d69bc373,2,no,0.2176267,37.4883688,3.3,1779444242777.jpg,,SavMon_LW_Plot_26,,retained
uuid:2439f628-f86d-4770-98d1-ae7b99a4d91f/observations/quadrat_repeat[8],uuid:2439f628-f86d-4770-98d1-ae7b99a4d91f,8,yes,yes,,0,yes,0.2175607,37.4884217,4.5,1779444615609.jpg,,SavMon_LW_Plot_26,,retained
uuid:2439f628-f86d-4770-98d1-ae7b99a4d91f/observations/quadrat_repeat[9],uuid:2439f628-f86d-4770-98d1-ae7b99a4d91f,9,yes,no,008f3da5-910b-4d85-a844-c5ab8b75fcd8,1,yes,0.2175897,37.4884185,3.9,1779445076890.jpg,,SavMon_LW_Plot_26,,retained
uuid:2439f628-f86d-4770-98d1-ae7b99a4d91f/observations/quadrat_repeat[10],uuid:2439f628-f86d-4770-98d1-ae7b99a4d91f,10,yes,no,883b0fcc-8eea-4779-b237-22e299be16fc 008f3da5-910b-4d85-a844-c5ab8b75fcd8,2,yes,0.2175889,37.48849,4.1,1779445360932.jpg,,SavMon_LW_Plot_26,,retained
uuid:2439f628-f86d-4770-98d1-ae7b99a4d91f/observations/quadrat_repeat[11],uuid:2439f628-f86d-4770-98d1-ae7b99a4d91f,11,yes,yes,,0,yes,0.2174785,37.4885021,4.766,1779445536682.jpg,,SavMon_LW_Plot_26,,retained
uuid:2439f628-f86d-4770-98d1-ae7b99a4d91f/observations/quadrat_repeat[12],uuid:2439f628-f86d-4770-98d1-ae7b99a4d91f,12,yes,no,008f3da5-910b-4d85-a844-c5ab8b75fcd8,1,yes,0.2174635,37.4884251,2.4,1779445666520.jpg,,SavMon_LW_Plot_26,,retained
uuid:2439f628-f86d-4770-98d1-ae7b99a4d91f/observations/quadrat_repeat[13],uuid:2439f628-f86d-4770-98d1-ae7b99a4d91f,13,yes,no,008f3da5-910b-4d85-a844-c5ab8b75fcd8,1,yes,0.2175314,37.4883718,3.3,1779445949696.jpg,,SavMon_LW_Plot_26,,retained
uuid:2439f628-f86d-4770-98d1-ae7b99a4d91f/observations/quadrat_repeat[14],uuid:2439f628-f86d-4770-98d1-ae7b99a4d91f,14,yes,yes,,0,yes,0.2176173,37.4882617,4.3,1779446108247.jpg,,SavMon_LW_Plot_26,,retained
uuid:2439f628-f86d-4770-98d1-ae7b99a4d91f/observations/quadrat_repeat[15],uuid:2439f628-f86d-4770-98d1-ae7b99a4d91f,15,yes,yes,,0,yes,0.2175375,37.4883234,3.3,1779446272233.jpg,,SavMon_LW_Plot_26,,retained
uuid:2439f628-f86d-4770-98d1-ae7b99a4d91f/observations/quadrat_repeat[16],uuid:2439f628-f86d-4770-98d1-ae7b99a4d91f,16,yes,no,d28bc79a-42b8-4cf2-991b-acd944f819fa,1,yes,0.2175196,37.4882284,3.7,1779446465097.jpg,,SavMon_LW_Plot_26,,retained
uuid:2439f628-f86d-4770-98d1-ae7b99a4d91f/observations/quadrat_repeat[17],uuid:2439f628-f86d-4770-98d1-ae7b99a4d91f,17,yes,no,3c3ff64b-92fd-4d60-9022-63a7c599e108,1,yes,0.2175328,37.4881508,4.8,1779446645891.jpg,,SavMon_LW_Plot_26,,retained
uuid:2439f628-f86d-4770-98d1-ae7b99a4d91f/observations/quadrat_repeat[18],uuid:2439f628-f86d-4770-98d1-ae7b99a4d91f,18,yes,no,008f3da5-910b-4d85-a844-c5ab8b75fcd8,1,yes,0.2175872,37.4881098,2.6,1779447009740.jpg,,SavMon_LW_Plot_26,,retained
uuid:2439f628-f86d-4770-98d1-ae7b99a4d91f/observations/quadrat_repeat[19],uuid:2439f628-f86d-4770-98d1-ae7b99a4d91f,19,yes,no,8fb56826-0f75-4fd9-afc2-f995f704dbcf,1,yes,0.2175231,37.488059,2.85,1779447118145.jpg,,SavMon_LW_Plot_26,,retained
uuid:2439f628-f86d-4770-98d1-ae7b99a4d91f/observations/quadrat_repeat[20],uuid:2439f628-f86d-4770-98d1-ae7b99a4d91f,20,yes,no,42b6fdde-7193-48e4-8a16-488eae05fab9 008f3da5-910b-4d85-a844-c5ab8b75fcd8 8fb56826-0f75-4fd9-afc2-f995f704dbcf,3,yes,0.2176564,37.4879311,3.5,1779447279604.jpg,,SavMon_LW_Plot_26,,retained
uuid:5d242bf2-8888-4eb0-9082-431482177425/observations/quadrat_repeat[1],uuid:5d242bf2-8888-4eb0-9082-431482177425,1,yes,yes,,0,yes,0.2732175,37.4888572,2.6,1779431576174.jpg,,SavMon_LW_Plot_05,,retained
uuid:5d242bf2-8888-4eb0-9082-431482177425/observations/quadrat_repeat[2],uuid:5d242bf2-8888-4eb0-9082-431482177425,2,yes,no,4c3c1743-5505-4c19-8499-5f3f89bcc48f,1,yes,0.2732475,37.4888912,2.5,1779432006087.jpg,,SavMon_LW_Plot_05,,retained
uuid:5d242bf2-8888-4eb0-9082-431482177425/observations/quadrat_repeat[3],uuid:5d242bf2-8888-4eb0-9082-431482177425,3,yes,no,fef04a86-9057-43e3-a920-1cc20a78d566 cdc30e17-bf4f-4243-9c0b-0698d69bc373 4c3c1743-5505-4c19-8499-5f3f89bcc48f 8fb56826-0f75-4fd9-afc2-f995f704dbcf,4,yes,0.2732545,37.4889579,2.3,1779432406020.jpg,,SavMon_LW_Plot_05,,retained
uuid:5d242bf2-8888-4eb0-9082-431482177425/observations/quadrat_repeat[4],uuid:5d242bf2-8888-4eb0-9082-431482177425,4,yes,no,4c3c1743-5505-4c19-8499-5f3f89bcc48f fef04a86-9057-43e3-a920-1cc20a78d566,2,no,0.2732407,37.4889537,2.7,1779432585977.jpg,,SavMon_LW_Plot_05,,retained
uuid:5d242bf2-8888-4eb0-9082-431482177425/observations/quadrat_repeat[5],uuid:5d242bf2-8888-4eb0-9082-431482177425,5,yes,no,fef04a86-9057-43e3-a920-1cc20a78d566,1,yes,0.2731365,37.4890474,2.5,1779432971557.jpg,,SavMon_LW_Plot_05,,retained
uuid:5d242bf2-8888-4eb0-9082-431482177425/observations/quadrat_repeat[6],uuid:5d242bf2-8888-4eb0-9082-431482177425,6,yes,no,f407986d-94a5-4fa9-a058-b9f183687960,1,no,0.2731294,37.4890985,2.8,1779433346325.jpg,,SavMon_LW_Plot_05,,retained
uuid:5d242bf2-8888-4eb0-9082-431482177425/observations/quadrat_repeat[7],uuid:5d242bf2-8888-4eb0-9082-431482177425,7,yes,no,c1a4c299-0f56-4c4b-92f9-b39be88b0291 fef04a86-9057-43e3-a920-1cc20a78d566,2,yes,0.2731524,37.4890892,2.3,1779434798810.jpg,.,SavMon_LW_Plot_05,,retained
uuid:5d242bf2-8888-4eb0-9082-431482177425/observations/quadrat_repeat[8],uuid:5d242bf2-8888-4eb0-9082-431482177425,8,yes,no,fef04a86-9057-43e3-a920-1cc20a78d566,1,yes,0.2731302,37.489196,2.2,1779434890054.jpg,.,SavMon_LW_Plot_05,,retained
uuid:5d242bf2-8888-4eb0-9082-431482177425/observations/quadrat_repeat[9],uuid:5d242bf2-8888-4eb0-9082-431482177425,9,yes,no,fef04a86-9057-43e3-a920-1cc20a78d566,1,yes,0.2731017,37.4892196,2.3,1779435239114.jpg,,SavMon_LW_Plot_05,,retained
uuid:5d242bf2-8888-4eb0-9082-431482177425/observations/quadrat_repeat[10],uuid:5d242bf2-8888-4eb0-9082-431482177425,10,yes,no,8fb56826-0f75-4fd9-afc2-f995f704dbcf 205ebff1-7ff4-472d-8e20-9472eb0c5824 4c3c1743-5505-4c19-8499-5f3f89bcc48f,3,no,0.2730941,37.4893055,3.3,1779435736585.jpg,,SavMon_LW_Plot_05,,retained
uuid:5d242bf2-8888-4eb0-9082-431482177425/observations/quadrat_repeat[11],uuid:5d242bf2-8888-4eb0-9082-431482177425,11,yes,no,fef04a86-9057-43e3-a920-1cc20a78d566,1,no,0.2730793,37.4892523,3.7,1779435807746.jpg,,SavMon_LW_Plot_05,,retained
uuid:5d242bf2-8888-4eb0-9082-431482177425/observations/quadrat_repeat[12],uuid:5d242bf2-8888-4eb0-9082-431482177425,12,yes,no,fef04a86-9057-43e3-a920-1cc20a78d566 8fb56826-0f75-4fd9-afc2-f995f704dbcf c1a4c299-0f56-4c4b-92f9-b39be88b0291,3,no,0.273117,37.4892107,2.6,1779435891409.jpg,,SavMon_LW_Plot_05,,retained
uuid:5d242bf2-8888-4eb0-9082-431482177425/observations/quadrat_repeat[13],uuid:5d242bf2-8888-4eb0-9082-431482177425,13,yes,no,4c3c1743-5505-4c19-8499-5f3f89bcc48f fef04a86-9057-43e3-a920-1cc20a78d566,2,yes,0.27311,37.4891701,3.1,1779435962984.jpg,,SavMon_LW_Plot_05,,retained
uuid:5d242bf2-8888-4eb0-9082-431482177425/observations/quadrat_repeat[14],uuid:5d242bf2-8888-4eb0-9082-431482177425,14,no,,,0,,0.2731034,37.4891317,3.0,1779436011055.jpg,,SavMon_LW_Plot_05,,retained
uuid:5d242bf2-8888-4eb0-9082-431482177425/observations/quadrat_repeat[15],uuid:5d242bf2-8888-4eb0-9082-431482177425,15,yes,no,fef04a86-9057-43e3-a920-1cc20a78d566,1,no,0.2731321,37.489041,3.0,1779436297558.jpg,,SavMon_LW_Plot_05,,retained
uuid:5d242bf2-8888-4eb0-9082-431482177425/observations/quadrat_repeat[16],uuid:5d242bf2-8888-4eb0-9082-431482177425,16,yes,no,fef04a86-9057-43e3-a920-1cc20a78d566 4c3c1743-5505-4c19-8499-5f3f89bcc48f 008f3da5-910b-4d85-a844-c5ab8b75fcd8,3,no,0.2730414,37.4889935,4.56,1779436646970.jpg,,SavMon_LW_Plot_05,,retained
uuid:5d242bf2-8888-4eb0-9082-431482177425/observations/quadrat_repeat[17],uuid:5d242bf2-8888-4eb0-9082-431482177425,17,yes,yes,,0,yes,0.2731287,37.4889676,2.6,1779437160400.jpg,,SavMon_LW_Plot_05,,retained
uuid:5d242bf2-8888-4eb0-9082-431482177425/observations/quadrat_repeat[18],uuid:5d242bf2-8888-4eb0-9082-431482177425,18,yes,yes,,0,yes,0.2731285,37.4889654,4.0,1779437289666.jpg,,SavMon_LW_Plot_05,,retained
uuid:5d242bf2-8888-4eb0-9082-431482177425/observations/quadrat_repeat[19],uuid:5d242bf2-8888-4eb0-9082-431482177425,19,yes,no,fef04a86-9057-43e3-a920-1cc20a78d566,1,yes,0.2731456,37.4888921,4.2,1779437354422.jpg,,SavMon_LW_Plot_05,,retained
uuid:5d242bf2-8888-4eb0-9082-431482177425/observations/quadrat_repeat[20],uuid:5d242bf2-8888-4eb0-9082-431482177425,20,yes,yes,,0,yes,0.2731745,37.488812,3.4,1779437405371.jpg,,SavMon_LW_Plot_05,,retained
uuid:95cde0b4-8b49-4f5d-a3c7-6765e1c06466/observations/quadrat_repeat[1],uuid:95cde0b4-8b49-4f5d-a3c7-6765e1c06466,1,yes,no,e3454aa0-e2f6-495b-9aea-90847fdd1858 8fb56826-0f75-4fd9-afc2-f995f704dbcf 3c3ff64b-92fd-4d60-9022-63a7c599e108,3,yes,0.2423559,37.4884551,2.9,1779364797158.jpg,,SavMon_LW_Plot_09,,retained
uuid:95cde0b4-8b49-4f5d-a3c7-6765e1c06466/observations/quadrat_repeat[2],uuid:95cde0b4-8b49-4f5d-a3c7-6765e1c06466,2,yes,no,e3454aa0-e2f6-495b-9aea-90847fdd1858 7bad79fe-2bdc-435c-acab-1246afb4fc19 3c3ff64b-92fd-4d60-9022-63a7c599e108,3,no,0.2423958,37.4885179,4.4,1779364933145.jpg,,SavMon_LW_Plot_09,,retained
uuid:95cde0b4-8b49-4f5d-a3c7-6765e1c06466/observations/quadrat_repeat[3],uuid:95cde0b4-8b49-4f5d-a3c7-6765e1c06466,3,yes,no,e3454aa0-e2f6-495b-9aea-90847fdd1858 3c3ff64b-92fd-4d60-9022-63a7c599e108,2,yes,0.2424099,37.4884956,4.3,1779365142870.jpg,,SavMon_LW_Plot_09,,retained
uuid:95cde0b4-8b49-4f5d-a3c7-6765e1c06466/observations/quadrat_repeat[4],uuid:95cde0b4-8b49-4f5d-a3c7-6765e1c06466,4,yes,no,e3454aa0-e2f6-495b-9aea-90847fdd1858,1,yes,0.2424389,37.4886168,4.0,1779365657667.jpg,,SavMon_LW_Plot_09,,retained
uuid:95cde0b4-8b49-4f5d-a3c7-6765e1c06466/observations/quadrat_repeat[5],uuid:95cde0b4-8b49-4f5d-a3c7-6765e1c06466,5,yes,no,3c3ff64b-92fd-4d60-9022-63a7c599e108,1,yes,0.2424062,37.4886605,2.1,1779366245264.jpg,,SavMon_LW_Plot_09,,retained
uuid:95cde0b4-8b49-4f5d-a3c7-6765e1c06466/observations/quadrat_repeat[6],uuid:95cde0b4-8b49-4f5d-a3c7-6765e1c06466,6,yes,no,e3454aa0-e2f6-495b-9aea-90847fdd1858,1,yes,0.2423932,37.4887025,2.25,1779366501634.jpg,Unknown 58 has a very strong smell,SavMon_LW_Plot_09,,retained
uuid:95cde0b4-8b49-4f5d-a3c7-6765e1c06466/observations/quadrat_repeat[7],uuid:95cde0b4-8b49-4f5d-a3c7-6765e1c06466,7,yes,yes,,0,yes,0.242446,37.4887137,4.88,1779366634736.jpg,,SavMon_LW_Plot_09,,retained
uuid:95cde0b4-8b49-4f5d-a3c7-6765e1c06466/observations/quadrat_repeat[8],uuid:95cde0b4-8b49-4f5d-a3c7-6765e1c06466,8,yes,no,883b0fcc-8eea-4779-b237-22e299be16fc 8fb56826-0f75-4fd9-afc2-f995f704dbcf,2,yes,0.2424281,37.4887388,4.883,1779366902006.jpg,,SavMon_LW_Plot_09,,retained
uuid:95cde0b4-8b49-4f5d-a3c7-6765e1c06466/observations/quadrat_repeat[9],uuid:95cde0b4-8b49-4f5d-a3c7-6765e1c06466,9,yes,no,e3454aa0-e2f6-495b-9aea-90847fdd1858 f407986d-94a5-4fa9-a058-b9f183687960 42b6fdde-7193-48e4-8a16-488eae05fab9,3,yes,0.2424037,37.4888652,2.55,1779367281493.jpg,,SavMon_LW_Plot_09,,retained
uuid:95cde0b4-8b49-4f5d-a3c7-6765e1c06466/observations/quadrat_repeat[10],uuid:95cde0b4-8b49-4f5d-a3c7-6765e1c06466,10,yes,no,883b0fcc-8eea-4779-b237-22e299be16fc 42b6fdde-7193-48e4-8a16-488eae05fab9 3c3ff64b-92fd-4d60-9022-63a7c599e108 e3454aa0-e2f6-495b-9aea-90847fdd1858,4,yes,0.2422816,37.4889928,4.0,1779367416813.jpg,,SavMon_LW_Plot_09,,retained
uuid:95cde0b4-8b49-4f5d-a3c7-6765e1c06466/observations/quadrat_repeat[11],uuid:95cde0b4-8b49-4f5d-a3c7-6765e1c06466,11,yes,no,3c3ff64b-92fd-4d60-9022-63a7c599e108 e3454aa0-e2f6-495b-9aea-90847fdd1858 f407986d-94a5-4fa9-a058-b9f183687960 883b0fcc-8eea-4779-b237-22e299be16fc 42b6fdde-7193-48e4-8a16-488eae05fab9,5,yes,0.2423434,37.488879,3.3,1779367523228.jpg,,SavMon_LW_Plot_09,,retained
uuid:95cde0b4-8b49-4f5d-a3c7-6765e1c06466/observations/quadrat_repeat[12],uuid:95cde0b4-8b49-4f5d-a3c7-6765e1c06466,12,yes,no,42b6fdde-7193-48e4-8a16-488eae05fab9 cdc30e17-bf4f-4243-9c0b-0698d69bc373 7bad79fe-2bdc-435c-acab-1246afb4fc19,3,yes,0.2423085,37.4888499,3.85,1779367821798.jpg,,SavMon_LW_Plot_09,,retained
uuid:95cde0b4-8b49-4f5d-a3c7-6765e1c06466/observations/quadrat_repeat[13],uuid:95cde0b4-8b49-4f5d-a3c7-6765e1c06466,13,yes,no,008f3da5-910b-4d85-a844-c5ab8b75fcd8 883b0fcc-8eea-4779-b237-22e299be16fc,2,yes,0.2423437,37.4887779,2.3,1779368120594.jpg,,SavMon_LW_Plot_09,,retained
uuid:95cde0b4-8b49-4f5d-a3c7-6765e1c06466/observations/quadrat_repeat[14],uuid:95cde0b4-8b49-4f5d-a3c7-6765e1c06466,14,yes,no,e3454aa0-e2f6-495b-9aea-90847fdd1858 883b0fcc-8eea-4779-b237-22e299be16fc 3c3ff64b-92fd-4d60-9022-63a7c599e108 f407986d-94a5-4fa9-a058-b9f183687960,4,yes,0.2422266,37.4886321,3.75,1779368310609.jpg,,SavMon_LW_Plot_09,,retained
uuid:95cde0b4-8b49-4f5d-a3c7-6765e1c06466/observations/quadrat_repeat[15],uuid:95cde0b4-8b49-4f5d-a3c7-6765e1c06466,15,yes,no,e3454aa0-e2f6-495b-9aea-90847fdd1858,1,yes,0.2423533,37.4886833,3.3,1779368537310.jpg,,SavMon_LW_Plot_09,,retained
uuid:95cde0b4-8b49-4f5d-a3c7-6765e1c06466/observations/quadrat_repeat[16],uuid:95cde0b4-8b49-4f5d-a3c7-6765e1c06466,16,yes,no,883b0fcc-8eea-4779-b237-22e299be16fc f407986d-94a5-4fa9-a058-b9f183687960 7bad79fe-2bdc-435c-acab-1246afb4fc19,3,yes,0.2423986,37.4885995,4.9,1779368652463.jpg,,SavMon_LW_Plot_09,,retained
uuid:95cde0b4-8b49-4f5d-a3c7-6765e1c06466/observations/quadrat_repeat[17],uuid:95cde0b4-8b49-4f5d-a3c7-6765e1c06466,17,yes,no,f407986d-94a5-4fa9-a058-b9f183687960,1,yes,0.2423575,37.4885903,3.8,1779368749461.jpg,,SavMon_LW_Plot_09,,retained
uuid:95cde0b4-8b49-4f5d-a3c7-6765e1c06466/observations/quadrat_repeat[18],uuid:95cde0b4-8b49-4f5d-a3c7-6765e1c06466,18,yes,no,883b0fcc-8eea-4779-b237-22e299be16fc e3454aa0-e2f6-495b-9aea-90847fdd1858,2,yes,0.2423179,37.4885095,4.9,1779368806945.jpg,,SavMon_LW_Plot_09,,retained
uuid:95cde0b4-8b49-4f5d-a3c7-6765e1c06466/observations/quadrat_repeat[19],uuid:95cde0b4-8b49-4f5d-a3c7-6765e1c06466,19,yes,no,f407986d-94a5-4fa9-a058-b9f183687960 883b0fcc-8eea-4779-b237-22e299be16fc 7bad79fe-2bdc-435c-acab-1246afb4fc19,3,yes,0.2424027,37.4885517,4.766,1779368904475.jpg,,SavMon_LW_Plot_09,,retained
uuid:95cde0b4-8b49-4f5d-a3c7-6765e1c06466/observations/quadrat_repeat[20],uuid:95cde0b4-8b49-4f5d-a3c7-6765e1c06466,20,yes,no,883b0fcc-8eea-4779-b237-22e299be16fc,1,yes,0.2423795,37.4884426,3.0,1779369140448.jpg,,SavMon_LW_Plot_09,,retained
uuid:fdf5f121-0a7f-4769-85bb-4717e0361eb4/observations/quadrat_repeat[1],uuid:fdf5f121-0a7f-4769-85bb-4717e0361eb4,1,yes,no,b53b3d79-30f5-4ac3-995e-d1e00442200e 3c3ff64b-92fd-4d60-9022-63a7c599e108 8fb56826-0f75-4fd9-afc2-f995f704dbcf e3454aa0-e2f6-495b-9aea-90847fdd1858,4,yes,0.2207631,37.5025627,3.2,1779357933075.jpg,,SavMon_LW_Plot_14,,retained
uuid:fdf5f121-0a7f-4769-85bb-4717e0361eb4/observations/quadrat_repeat[2],uuid:fdf5f121-0a7f-4769-85bb-4717e0361eb4,2,yes,no,3c3ff64b-92fd-4d60-9022-63a7c599e108 7bad79fe-2bdc-435c-acab-1246afb4fc19,2,yes,0.2208218,37.5026179,4.98,1779358432847.jpg,,SavMon_LW_Plot_14,,retained
uuid:fdf5f121-0a7f-4769-85bb-4717e0361eb4/observations/quadrat_repeat[3],uuid:fdf5f121-0a7f-4769-85bb-4717e0361eb4,3,yes,no,3c3ff64b-92fd-4d60-9022-63a7c599e108 e3454aa0-e2f6-495b-9aea-90847fdd1858 7bad79fe-2bdc-435c-acab-1246afb4fc19,3,no,0.2207585,37.5026486,4.82,1779358812948.jpg,,SavMon_LW_Plot_14,,retained
uuid:fdf5f121-0a7f-4769-85bb-4717e0361eb4/observations/quadrat_repeat[4],uuid:fdf5f121-0a7f-4769-85bb-4717e0361eb4,4,yes,no,3c3ff64b-92fd-4d60-9022-63a7c599e108 e3454aa0-e2f6-495b-9aea-90847fdd1858 7bad79fe-2bdc-435c-acab-1246afb4fc19,3,no,0.2208044,37.5025987,4.2,1779358871293.jpg,,SavMon_LW_Plot_14,,retained
uuid:fdf5f121-0a7f-4769-85bb-4717e0361eb4/observations/quadrat_repeat[5],uuid:fdf5f121-0a7f-4769-85bb-4717e0361eb4,5,yes,no,e3454aa0-e2f6-495b-9aea-90847fdd1858 3c3ff64b-92fd-4d60-9022-63a7c599e108 7bad79fe-2bdc-435c-acab-1246afb4fc19,3,no,0.2207945,37.502619,4.0,1779358933063.jpg,,SavMon_LW_Plot_14,,retained
uuid:fdf5f121-0a7f-4769-85bb-4717e0361eb4/observations/quadrat_repeat[6],uuid:fdf5f121-0a7f-4769-85bb-4717e0361eb4,6,yes,no,3c3ff64b-92fd-4d60-9022-63a7c599e108 e3454aa0-e2f6-495b-9aea-90847fdd1858,2,yes,0.220808,37.5027737,4.3,1779359265283.jpg,,SavMon_LW_Plot_14,,retained
uuid:fdf5f121-0a7f-4769-85bb-4717e0361eb4/observations/quadrat_repeat[7],uuid:fdf5f121-0a7f-4769-85bb-4717e0361eb4,7,yes,no,3c3ff64b-92fd-4d60-9022-63a7c599e108 e3454aa0-e2f6-495b-9aea-90847fdd1858 7bad79fe-2bdc-435c-acab-1246afb4fc19 8fb56826-0f75-4fd9-afc2-f995f704dbcf,4,yes,0.2208506,37.5027632,3.5,1779359520738.jpg,,SavMon_LW_Plot_14,,retained
uuid:fdf5f121-0a7f-4769-85bb-4717e0361eb4/observations/quadrat_repeat[8],uuid:fdf5f121-0a7f-4769-85bb-4717e0361eb4,8,yes,no,e3454aa0-e2f6-495b-9aea-90847fdd1858 3c3ff64b-92fd-4d60-9022-63a7c599e108 7bad79fe-2bdc-435c-acab-1246afb4fc19,3,yes,0.2208787,37.5028372,3.7,1779359568894.jpg,,SavMon_LW_Plot_14,,retained
uuid:fdf5f121-0a7f-4769-85bb-4717e0361eb4/observations/quadrat_repeat[9],uuid:fdf5f121-0a7f-4769-85bb-4717e0361eb4,9,yes,no,3c3ff64b-92fd-4d60-9022-63a7c599e108 e3454aa0-e2f6-495b-9aea-90847fdd1858 7bad79fe-2bdc-435c-acab-1246afb4fc19 9dfde157-fde9-4421-991d-27eef1edce57,4,no,0.2208633,37.5028978,3.8,1779359717195.jpg,,SavMon_LW_Plot_14,,retained
uuid:fdf5f121-0a7f-4769-85bb-4717e0361eb4/observations/quadrat_repeat[10],uuid:fdf5f121-0a7f-4769-85bb-4717e0361eb4,10,yes,no,7bad79fe-2bdc-435c-acab-1246afb4fc19 e3454aa0-e2f6-495b-9aea-90847fdd1858,2,yes,0.2210638,37.502886,3.1,1779360217265.jpg,,SavMon_LW_Plot_14,,retained
uuid:fdf5f121-0a7f-4769-85bb-4717e0361eb4/observations/quadrat_repeat[11],uuid:fdf5f121-0a7f-4769-85bb-4717e0361eb4,11,yes,no,3c3ff64b-92fd-4d60-9022-63a7c599e108 7bad79fe-2bdc-435c-acab-1246afb4fc19 e3454aa0-e2f6-495b-9aea-90847fdd1858 883b0fcc-8eea-4779-b237-22e299be16fc,4,no,0.221028,37.5028863,3.9,1779360275487.jpg,,SavMon_LW_Plot_14,,retained
uuid:fdf5f121-0a7f-4769-85bb-4717e0361eb4/observations/quadrat_repeat[12],uuid:fdf5f121-0a7f-4769-85bb-4717e0361eb4,12,yes,no,e3454aa0-e2f6-495b-9aea-90847fdd1858 3c3ff64b-92fd-4d60-9022-63a7c599e108 7bad79fe-2bdc-435c-acab-1246afb4fc19,3,no,0.220891,37.5028851,3.6,1779360346588.jpg,,SavMon_LW_Plot_14,,retained
uuid:fdf5f121-0a7f-4769-85bb-4717e0361eb4/observations/quadrat_repeat[13],uuid:fdf5f121-0a7f-4769-85bb-4717e0361eb4,13,yes,no,e3454aa0-e2f6-495b-9aea-90847fdd1858 9dfde157-fde9-4421-991d-27eef1edce57 7bad79fe-2bdc-435c-acab-1246afb4fc19,3,yes,0.2208449,37.5028918,3.7,1779360410618.jpg,,SavMon_LW_Plot_14,,retained
uuid:fdf5f121-0a7f-4769-85bb-4717e0361eb4/observations/quadrat_repeat[14],uuid:fdf5f121-0a7f-4769-85bb-4717e0361eb4,14,yes,no,e3454aa0-e2f6-495b-9aea-90847fdd1858 3c3ff64b-92fd-4d60-9022-63a7c599e108 7bad79fe-2bdc-435c-acab-1246afb4fc19 f407986d-94a5-4fa9-a058-b9f183687960,4,yes,0.2207411,37.5028044,4.2,1779360576973.jpg,,SavMon_LW_Plot_14,,retained
uuid:fdf5f121-0a7f-4769-85bb-4717e0361eb4/observations/quadrat_repeat[15],uuid:fdf5f121-0a7f-4769-85bb-4717e0361eb4,15,yes,no,e3454aa0-e2f6-495b-9aea-90847fdd1858 3c3ff64b-92fd-4d60-9022-63a7c599e108 7bad79fe-2bdc-435c-acab-1246afb4fc19,3,yes,0.220806,37.5027706,4.0,1779360775844.jpg,,SavMon_LW_Plot_14,,retained
uuid:fdf5f121-0a7f-4769-85bb-4717e0361eb4/observations/quadrat_repeat[16],uuid:fdf5f121-0a7f-4769-85bb-4717e0361eb4,16,yes,no,3c3ff64b-92fd-4d60-9022-63a7c599e108 7bad79fe-2bdc-435c-acab-1246afb4fc19 e3454aa0-e2f6-495b-9aea-90847fdd1858,3,yes,0.2208009,37.5027481,3.7,1779360903958.jpg,,SavMon_LW_Plot_14,,retained
uuid:fdf5f121-0a7f-4769-85bb-4717e0361eb4/observations/quadrat_repeat[17],uuid:fdf5f121-0a7f-4769-85bb-4717e0361eb4,17,yes,no,7bad79fe-2bdc-435c-acab-1246afb4fc19 3c3ff64b-92fd-4d60-9022-63a7c599e108 e3454aa0-e2f6-495b-9aea-90847fdd1858,3,no,0.2208135,37.5027333,4.65,1779360955598.jpg,,SavMon_LW_Plot_14,,retained
uuid:fdf5f121-0a7f-4769-85bb-4717e0361eb4/observations/quadrat_repeat[18],uuid:fdf5f121-0a7f-4769-85bb-4717e0361eb4,18,yes,no,3c3ff64b-92fd-4d60-9022-63a7c599e108 e3454aa0-e2f6-495b-9aea-90847fdd1858 7bad79fe-2bdc-435c-acab-1246afb4fc19,3,no,0.220787,37.5026562,3.6,1779361020147.jpg,,SavMon_LW_Plot_14,,retained
uuid:fdf5f121-0a7f-4769-85bb-4717e0361eb4/observations/quadrat_repeat[19],uuid:fdf5f121-0a7f-4769-85bb-4717e0361eb4,19,yes,no,7bad79fe-2bdc-435c-acab-1246afb4fc19 3c3ff64b-92fd-4d60-9022-63a7c599e108 e3454aa0-e2f6-495b-9aea-90847fdd1858,3,yes,0.2207504,37.5026286,4.4,1779361098284.jpg,,SavMon_LW_Plot_14,,retained
uuid:fdf5f121-0a7f-4769-85bb-4717e0361eb4/observations/quadrat_repeat[20],uuid:fdf5f121-0a7f-4769-85bb-4717e0361eb4,20,yes,no,b53b3d79-30f5-4ac3-995e-d1e00442200e 3c3ff64b-92fd-4d60-9022-63a7c599e108,2,yes,0.2207482,37.5025056,4.1,1779361266115.jpg,,SavMon_LW_Plot_14,,retained
uuid:3865525f-1d45-40fc-83ca-7e30fafe6b54/observations/quadrat_repeat[1],uuid:3865525f-1d45-40fc-83ca-7e30fafe6b54,1,yes,no,e3454aa0-e2f6-495b-9aea-90847fdd1858 f407986d-94a5-4fa9-a058-b9f183687960,2,yes,0.219714,37.4988958,2.7,1779352554112.jpg,,SavMon_LW_Plot_10,,retained
uuid:3865525f-1d45-40fc-83ca-7e30fafe6b54/observations/quadrat_repeat[2],uuid:3865525f-1d45-40fc-83ca-7e30fafe6b54,2,yes,no,972e3d35-071b-4b53-b1f6-8741e2fa6eaf,1,yes,0.2197093,37.4989399,2.1,1779353112453.jpg,,SavMon_LW_Plot_10,,retained
uuid:3865525f-1d45-40fc-83ca-7e30fafe6b54/observations/quadrat_repeat[3],uuid:3865525f-1d45-40fc-83ca-7e30fafe6b54,3,yes,no,e3454aa0-e2f6-495b-9aea-90847fdd1858,1,yes,0.2197129,37.4989992,2.2,1779353533362.jpg,,SavMon_LW_Plot_10,,retained
uuid:3865525f-1d45-40fc-83ca-7e30fafe6b54/observations/quadrat_repeat[4],uuid:3865525f-1d45-40fc-83ca-7e30fafe6b54,4,yes,no,e3454aa0-e2f6-495b-9aea-90847fdd1858 f407986d-94a5-4fa9-a058-b9f183687960 8fb56826-0f75-4fd9-afc2-f995f704dbcf,3,yes,0.2197138,37.4990027,2.7,1779353813652.jpg,,SavMon_LW_Plot_10,,retained
uuid:3865525f-1d45-40fc-83ca-7e30fafe6b54/observations/quadrat_repeat[5],uuid:3865525f-1d45-40fc-83ca-7e30fafe6b54,5,yes,no,e3454aa0-e2f6-495b-9aea-90847fdd1858 8fb56826-0f75-4fd9-afc2-f995f704dbcf,2,yes,0.219693,37.4991896,3.95,1779354033748.jpg,,SavMon_LW_Plot_10,,retained
uuid:3865525f-1d45-40fc-83ca-7e30fafe6b54/observations/quadrat_repeat[6],uuid:3865525f-1d45-40fc-83ca-7e30fafe6b54,6,yes,no,e3454aa0-e2f6-495b-9aea-90847fdd1858,1,yes,0.2196419,37.4991281,3.0,1779354154040.jpg,,SavMon_LW_Plot_10,,retained
uuid:3865525f-1d45-40fc-83ca-7e30fafe6b54/observations/quadrat_repeat[7],uuid:3865525f-1d45-40fc-83ca-7e30fafe6b54,7,yes,no,e3454aa0-e2f6-495b-9aea-90847fdd1858,1,yes,0.2196327,37.4991576,3.5,1779354210526.jpg,,SavMon_LW_Plot_10,,retained
uuid:3865525f-1d45-40fc-83ca-7e30fafe6b54/observations/quadrat_repeat[8],uuid:3865525f-1d45-40fc-83ca-7e30fafe6b54,8,yes,no,e3454aa0-e2f6-495b-9aea-90847fdd1858 3c3ff64b-92fd-4d60-9022-63a7c599e108,2,yes,0.2196723,37.4991868,3.2,1779354294217.jpg,,SavMon_LW_Plot_10,,retained
uuid:3865525f-1d45-40fc-83ca-7e30fafe6b54/observations/quadrat_repeat[9],uuid:3865525f-1d45-40fc-83ca-7e30fafe6b54,9,yes,no,e3454aa0-e2f6-495b-9aea-90847fdd1858,1,yes,0.2196746,37.4992198,2.7,1779354331306.jpg,,SavMon_LW_Plot_10,,retained
uuid:3865525f-1d45-40fc-83ca-7e30fafe6b54/observations/quadrat_repeat[10],uuid:3865525f-1d45-40fc-83ca-7e30fafe6b54,10,yes,no,e3454aa0-e2f6-495b-9aea-90847fdd1858,1,yes,0.21962,37.4992906,3.4,1779354380872.jpg,,SavMon_LW_Plot_10,,retained
uuid:3865525f-1d45-40fc-83ca-7e30fafe6b54/observations/quadrat_repeat[11],uuid:3865525f-1d45-40fc-83ca-7e30fafe6b54,11,yes,no,883b0fcc-8eea-4779-b237-22e299be16fc e3454aa0-e2f6-495b-9aea-90847fdd1858 d28bc79a-42b8-4cf2-991b-acd944f819fa 3c3ff64b-92fd-4d60-9022-63a7c599e108,4,yes,0.2196152,37.4992917,2.85,1779354463543.jpg,,SavMon_LW_Plot_10,,retained
uuid:3865525f-1d45-40fc-83ca-7e30fafe6b54/observations/quadrat_repeat[12],uuid:3865525f-1d45-40fc-83ca-7e30fafe6b54,12,yes,no,008f3da5-910b-4d85-a844-c5ab8b75fcd8 e3454aa0-e2f6-495b-9aea-90847fdd1858,2,yes,0.219591,37.4992148,2.5,1779355028506.jpg,,SavMon_LW_Plot_10,,retained
uuid:3865525f-1d45-40fc-83ca-7e30fafe6b54/observations/quadrat_repeat[13],uuid:3865525f-1d45-40fc-83ca-7e30fafe6b54,13,yes,no,e3454aa0-e2f6-495b-9aea-90847fdd1858,1,yes,0.2196356,37.4992509,2.5,1779355186768.jpg,,SavMon_LW_Plot_10,,retained
uuid:3865525f-1d45-40fc-83ca-7e30fafe6b54/observations/quadrat_repeat[14],uuid:3865525f-1d45-40fc-83ca-7e30fafe6b54,14,yes,no,e3454aa0-e2f6-495b-9aea-90847fdd1858,1,yes,0.2196092,37.4991505,3.0,1779355252458.jpg,,SavMon_LW_Plot_10,,retained
uuid:3865525f-1d45-40fc-83ca-7e30fafe6b54/observations/quadrat_repeat[15],uuid:3865525f-1d45-40fc-83ca-7e30fafe6b54,15,yes,no,e3454aa0-e2f6-495b-9aea-90847fdd1858 8fb56826-0f75-4fd9-afc2-f995f704dbcf 4c3c1743-5505-4c19-8499-5f3f89bcc48f,3,yes,0.2196523,37.4990845,3.3,1779355373511.jpg,,SavMon_LW_Plot_10,,retained
uuid:3865525f-1d45-40fc-83ca-7e30fafe6b54/observations/quadrat_repeat[16],uuid:3865525f-1d45-40fc-83ca-7e30fafe6b54,16,yes,no,e3454aa0-e2f6-495b-9aea-90847fdd1858 8fb56826-0f75-4fd9-afc2-f995f704dbcf,2,no,0.2196323,37.4990632,3.9,1779355415071.jpg,,SavMon_LW_Plot_10,,retained
uuid:3865525f-1d45-40fc-83ca-7e30fafe6b54/observations/quadrat_repeat[17],uuid:3865525f-1d45-40fc-83ca-7e30fafe6b54,17,yes,no,3c3ff64b-92fd-4d60-9022-63a7c599e108 f407986d-94a5-4fa9-a058-b9f183687960,2,yes,0.2195922,37.4989911,2.55,1779355515947.jpg,,SavMon_LW_Plot_10,,retained
uuid:3865525f-1d45-40fc-83ca-7e30fafe6b54/observations/quadrat_repeat[18],uuid:3865525f-1d45-40fc-83ca-7e30fafe6b54,18,yes,no,8fb56826-0f75-4fd9-afc2-f995f704dbcf e3454aa0-e2f6-495b-9aea-90847fdd1858,2,yes,0.2196721,37.4989791,2.5,1779355559469.jpg,,SavMon_LW_Plot_10,,retained
uuid:3865525f-1d45-40fc-83ca-7e30fafe6b54/observations/quadrat_repeat[19],uuid:3865525f-1d45-40fc-83ca-7e30fafe6b54,19,yes,no,8fb56826-0f75-4fd9-afc2-f995f704dbcf,1,yes,0.2196511,37.4989182,4.2,1779355637240.jpg,,SavMon_LW_Plot_10,,retained
uuid:3865525f-1d45-40fc-83ca-7e30fafe6b54/observations/quadrat_repeat[20],uuid:3865525f-1d45-40fc-83ca-7e30fafe6b54,20,yes,no,8fb56826-0f75-4fd9-afc2-f995f704dbcf,1,yes,0.2196484,37.4988998,2.4,1779355964208.jpg,,SavMon_LW_Plot_10,,retained
uuid:c17516f9-53dd-4fda-b4e6-e257068198b9/observations/quadrat_repeat[1],uuid:c17516f9-53dd-4fda-b4e6-e257068198b9,1,yes,no,e3454aa0-e2f6-495b-9aea-90847fdd1858 f407986d-94a5-4fa9-a058-b9f183687960,2,yes,0.2210138,37.496301,3.6,1779344482849.jpg,,SavMon_LW_Plot_30,,retained
uuid:c17516f9-53dd-4fda-b4e6-e257068198b9/observations/quadrat_repeat[2],uuid:c17516f9-53dd-4fda-b4e6-e257068198b9,2,yes,no,e3454aa0-e2f6-495b-9aea-90847fdd1858 3c3ff64b-92fd-4d60-9022-63a7c599e108,2,yes,0.2209956,37.4963601,2.6,1779344934406.jpg,,SavMon_LW_Plot_30,,retained
uuid:c17516f9-53dd-4fda-b4e6-e257068198b9/observations/quadrat_repeat[3],uuid:c17516f9-53dd-4fda-b4e6-e257068198b9,3,yes,no,e3454aa0-e2f6-495b-9aea-90847fdd1858,1,no,0.221001,37.4964258,2.25,1779345043673.jpg,,SavMon_LW_Plot_30,,retained
uuid:c17516f9-53dd-4fda-b4e6-e257068198b9/observations/quadrat_repeat[4],uuid:c17516f9-53dd-4fda-b4e6-e257068198b9,4,yes,no,e3454aa0-e2f6-495b-9aea-90847fdd1858,1,yes,0.2209527,37.4964587,3.6,1779345533292.jpg,,SavMon_LW_Plot_30,,retained
uuid:c17516f9-53dd-4fda-b4e6-e257068198b9/observations/quadrat_repeat[5],uuid:c17516f9-53dd-4fda-b4e6-e257068198b9,5,yes,no,e3454aa0-e2f6-495b-9aea-90847fdd1858 008f3da5-910b-4d85-a844-c5ab8b75fcd8,2,no,0.2209915,37.496456,3.1,1779345972501.jpg,,SavMon_LW_Plot_30,,retained
uuid:c17516f9-53dd-4fda-b4e6-e257068198b9/observations/quadrat_repeat[6],uuid:c17516f9-53dd-4fda-b4e6-e257068198b9,6,yes,no,e3454aa0-e2f6-495b-9aea-90847fdd1858 8fb56826-0f75-4fd9-afc2-f995f704dbcf 3c3ff64b-92fd-4d60-9022-63a7c599e108 008f3da5-910b-4d85-a844-c5ab8b75fcd8 cdc30e17-bf4f-4243-9c0b-0698d69bc373,5,no,0.2209236,37.4965471,4.05,1779346235083.jpg,,SavMon_LW_Plot_30,,retained
uuid:c17516f9-53dd-4fda-b4e6-e257068198b9/observations/quadrat_repeat[7],uuid:c17516f9-53dd-4fda-b4e6-e257068198b9,7,yes,no,e3454aa0-e2f6-495b-9aea-90847fdd1858 008f3da5-910b-4d85-a844-c5ab8b75fcd8 cdc30e17-bf4f-4243-9c0b-0698d69bc373 883b0fcc-8eea-4779-b237-22e299be16fc d28bc79a-42b8-4cf2-991b-acd944f819fa,5,yes,0.2208775,37.4965499,3.6,1779346567454.jpg,,SavMon_LW_Plot_30,,retained
uuid:c17516f9-53dd-4fda-b4e6-e257068198b9/observations/quadrat_repeat[8],uuid:c17516f9-53dd-4fda-b4e6-e257068198b9,8,yes,no,883b0fcc-8eea-4779-b237-22e299be16fc 3c3ff64b-92fd-4d60-9022-63a7c599e108 205ebff1-7ff4-472d-8e20-9472eb0c5824,3,yes,0.2208753,37.4966528,3.3,1779346850362.jpg,,SavMon_LW_Plot_30,,retained
uuid:c17516f9-53dd-4fda-b4e6-e257068198b9/observations/quadrat_repeat[9],uuid:c17516f9-53dd-4fda-b4e6-e257068198b9,9,yes,no,d28bc79a-42b8-4cf2-991b-acd944f819fa 883b0fcc-8eea-4779-b237-22e299be16fc 008f3da5-910b-4d85-a844-c5ab8b75fcd8,3,yes,0.2208755,37.4966962,2.7,1779347037921.jpg,,SavMon_LW_Plot_30,,retained
uuid:c17516f9-53dd-4fda-b4e6-e257068198b9/observations/quadrat_repeat[10],uuid:c17516f9-53dd-4fda-b4e6-e257068198b9,10,yes,no,e3454aa0-e2f6-495b-9aea-90847fdd1858 cdc30e17-bf4f-4243-9c0b-0698d69bc373,2,yes,0.220839,37.4966687,2.2,1779347132261.jpg,,SavMon_LW_Plot_30,,retained
uuid:c17516f9-53dd-4fda-b4e6-e257068198b9/observations/quadrat_repeat[11],uuid:c17516f9-53dd-4fda-b4e6-e257068198b9,11,yes,no,e3454aa0-e2f6-495b-9aea-90847fdd1858 008f3da5-910b-4d85-a844-c5ab8b75fcd8 cdc30e17-bf4f-4243-9c0b-0698d69bc373 d28bc79a-42b8-4cf2-991b-acd944f819fa 883b0fcc-8eea-4779-b237-22e299be16fc,5,yes,0.2208274,37.496798,3.5,1779347294322.jpg,,SavMon_LW_Plot_30,,retained
uuid:c17516f9-53dd-4fda-b4e6-e257068198b9/observations/quadrat_repeat[12],uuid:c17516f9-53dd-4fda-b4e6-e257068198b9,12,yes,no,e3454aa0-e2f6-495b-9aea-90847fdd1858 cdc30e17-bf4f-4243-9c0b-0698d69bc373 42b6fdde-7193-48e4-8a16-488eae05fab9,3,no,0.2208988,37.4967362,3.4,1779347480268.jpg,,SavMon_LW_Plot_30,,retained
uuid:c17516f9-53dd-4fda-b4e6-e257068198b9/observations/quadrat_repeat[13],uuid:c17516f9-53dd-4fda-b4e6-e257068198b9,13,yes,no,e3454aa0-e2f6-495b-9aea-90847fdd1858 008f3da5-910b-4d85-a844-c5ab8b75fcd8,2,yes,0.2208602,37.4965818,2.8,1779347920685.jpg,,SavMon_LW_Plot_30,,retained
uuid:c17516f9-53dd-4fda-b4e6-e257068198b9/observations/quadrat_repeat[14],uuid:c17516f9-53dd-4fda-b4e6-e257068198b9,14,yes,no,e3454aa0-e2f6-495b-9aea-90847fdd1858 7bad79fe-2bdc-435c-acab-1246afb4fc19 cdc30e17-bf4f-4243-9c0b-0698d69bc373,3,yes,0.2208592,37.4965655,4.314,1779348100515.jpg,,SavMon_LW_Plot_30,,retained
uuid:c17516f9-53dd-4fda-b4e6-e257068198b9/observations/quadrat_repeat[15],uuid:c17516f9-53dd-4fda-b4e6-e257068198b9,15,yes,no,e3454aa0-e2f6-495b-9aea-90847fdd1858 008f3da5-910b-4d85-a844-c5ab8b75fcd8 3c3ff64b-92fd-4d60-9022-63a7c599e108 883b0fcc-8eea-4779-b237-22e299be16fc d28bc79a-42b8-4cf2-991b-acd944f819fa,5,yes,0.2208156,37.4965814,3.9,1779348248376.jpg,,SavMon_LW_Plot_30,,retained
uuid:c17516f9-53dd-4fda-b4e6-e257068198b9/observations/quadrat_repeat[16],uuid:c17516f9-53dd-4fda-b4e6-e257068198b9,16,yes,no,d28bc79a-42b8-4cf2-991b-acd944f819fa f407986d-94a5-4fa9-a058-b9f183687960,2,yes,0.2209393,37.4964751,3.5,1779349245858.jpg,,SavMon_LW_Plot_30,,retained
uuid:c17516f9-53dd-4fda-b4e6-e257068198b9/observations/quadrat_repeat[17],uuid:c17516f9-53dd-4fda-b4e6-e257068198b9,17,yes,no,e3454aa0-e2f6-495b-9aea-90847fdd1858,1,no,0.2209364,37.4965246,3.6,1779349306351.jpg,,SavMon_LW_Plot_30,,retained
uuid:c17516f9-53dd-4fda-b4e6-e257068198b9/observations/quadrat_repeat[18],uuid:c17516f9-53dd-4fda-b4e6-e257068198b9,18,yes,no,e3454aa0-e2f6-495b-9aea-90847fdd1858 3c3ff64b-92fd-4d60-9022-63a7c599e108 f407986d-94a5-4fa9-a058-b9f183687960,3,yes,0.2208951,37.4965141,4.4,1779349546473.jpg,,SavMon_LW_Plot_30,,retained
uuid:c17516f9-53dd-4fda-b4e6-e257068198b9/observations/quadrat_repeat[19],uuid:c17516f9-53dd-4fda-b4e6-e257068198b9,19,yes,no,e3454aa0-e2f6-495b-9aea-90847fdd1858 f407986d-94a5-4fa9-a058-b9f183687960 cdc30e17-bf4f-4243-9c0b-0698d69bc373 c1a4c299-0f56-4c4b-92f9-b39be88b0291,4,yes,0.2209614,37.4964006,3.6,1779349741169.jpg,,SavMon_LW_Plot_30,,retained
uuid:c17516f9-53dd-4fda-b4e6-e257068198b9/observations/quadrat_repeat[20],uuid:c17516f9-53dd-4fda-b4e6-e257068198b9,20,yes,no,f407986d-94a5-4fa9-a058-b9f183687960 d28bc79a-42b8-4cf2-991b-acd944f819fa,2,yes,0.2204828,37.4964511,5.0,1779349912135.jpg,,SavMon_LW_Plot_30,,retained
uuid:967cb42c-f21a-4ba6-92be-81cd6d2b0e8d/observations/quadrat_repeat[1],uuid:967cb42c-f21a-4ba6-92be-81cd6d2b0e8d,1,yes,yes,,0,yes,0.2223266,37.4759082,4.3,1779283590522.jpg,,SavMon_LW_Plot_03,,retained
uuid:967cb42c-f21a-4ba6-92be-81cd6d2b0e8d/observations/quadrat_repeat[2],uuid:967cb42c-f21a-4ba6-92be-81cd6d2b0e8d,2,yes,yes,,0,yes,0.2222305,37.4759525,4.3,1779283668048.jpg,,SavMon_LW_Plot_03,,retained
uuid:967cb42c-f21a-4ba6-92be-81cd6d2b0e8d/observations/quadrat_repeat[3],uuid:967cb42c-f21a-4ba6-92be-81cd6d2b0e8d,3,yes,no,51a3efb3-9fe9-44f9-a052-11661a7152a1 cdc30e17-bf4f-4243-9c0b-0698d69bc373,2,yes,0.222155,37.4759746,4.1,1779283754386.jpg,,SavMon_LW_Plot_03,,retained
uuid:967cb42c-f21a-4ba6-92be-81cd6d2b0e8d/observations/quadrat_repeat[4],uuid:967cb42c-f21a-4ba6-92be-81cd6d2b0e8d,4,yes,yes,,0,yes,0.222026,37.4760467,4.4,1779283871526.jpg,,SavMon_LW_Plot_03,,retained
uuid:967cb42c-f21a-4ba6-92be-81cd6d2b0e8d/observations/quadrat_repeat[5],uuid:967cb42c-f21a-4ba6-92be-81cd6d2b0e8d,5,yes,yes,,0,yes,0.222015,37.4760008,4.3,1779284090831.jpg,,SavMon_LW_Plot_03,,retained
uuid:967cb42c-f21a-4ba6-92be-81cd6d2b0e8d/observations/quadrat_repeat[6],uuid:967cb42c-f21a-4ba6-92be-81cd6d2b0e8d,6,yes,yes,,0,yes,0.2221483,37.476153,3.2,1779284443522.jpg,,SavMon_LW_Plot_03,,retained
uuid:967cb42c-f21a-4ba6-92be-81cd6d2b0e8d/observations/quadrat_repeat[7],uuid:967cb42c-f21a-4ba6-92be-81cd6d2b0e8d,7,yes,no,d28bc79a-42b8-4cf2-991b-acd944f819fa,1,yes,0.2220442,37.4762036,4.3,1779284621952.jpg,,SavMon_LW_Plot_03,,retained
uuid:967cb42c-f21a-4ba6-92be-81cd6d2b0e8d/observations/quadrat_repeat[8],uuid:967cb42c-f21a-4ba6-92be-81cd6d2b0e8d,8,yes,yes,,0,yes,0.2220729,37.4762013,4.683,1779284699076.jpg,,SavMon_LW_Plot_03,,retained
uuid:967cb42c-f21a-4ba6-92be-81cd6d2b0e8d/observations/quadrat_repeat[9],uuid:967cb42c-f21a-4ba6-92be-81cd6d2b0e8d,9,yes,yes,,0,yes,0.2220077,37.4762738,3.7,1779284797191.jpg,,SavMon_LW_Plot_03,,retained
uuid:967cb42c-f21a-4ba6-92be-81cd6d2b0e8d/observations/quadrat_repeat[10],uuid:967cb42c-f21a-4ba6-92be-81cd6d2b0e8d,10,yes,no,cdc30e17-bf4f-4243-9c0b-0698d69bc373,1,yes,0.2220728,37.4762546,4.74,1779284940954.jpg,,SavMon_LW_Plot_03,,retained
uuid:967cb42c-f21a-4ba6-92be-81cd6d2b0e8d/observations/quadrat_repeat[11],uuid:967cb42c-f21a-4ba6-92be-81cd6d2b0e8d,11,yes,no,cdc30e17-bf4f-4243-9c0b-0698d69bc373,1,yes,0.2220366,37.4762767,2.7,1779285478086.jpg,,SavMon_LW_Plot_03,,retained
uuid:967cb42c-f21a-4ba6-92be-81cd6d2b0e8d/observations/quadrat_repeat[12],uuid:967cb42c-f21a-4ba6-92be-81cd6d2b0e8d,12,yes,yes,,0,yes,0.2219603,37.4761861,4.2,1779286594272.jpg,,SavMon_LW_Plot_03,,retained
uuid:967cb42c-f21a-4ba6-92be-81cd6d2b0e8d/observations/quadrat_repeat[13],uuid:967cb42c-f21a-4ba6-92be-81cd6d2b0e8d,13,no,,,0,,0.2220424,37.476227,3.8,1779285658355.jpg,,SavMon_LW_Plot_03,,retained
uuid:967cb42c-f21a-4ba6-92be-81cd6d2b0e8d/observations/quadrat_repeat[14],uuid:967cb42c-f21a-4ba6-92be-81cd6d2b0e8d,14,yes,yes,,0,yes,0.2220636,37.4762254,4.4,1779285820789.jpg,,SavMon_LW_Plot_03,,retained
uuid:967cb42c-f21a-4ba6-92be-81cd6d2b0e8d/observations/quadrat_repeat[15],uuid:967cb42c-f21a-4ba6-92be-81cd6d2b0e8d,15,yes,yes,,0,yes,0.22207,37.4761147,4.35,1779285911907.jpg,,SavMon_LW_Plot_03,,retained
uuid:967cb42c-f21a-4ba6-92be-81cd6d2b0e8d/observations/quadrat_repeat[16],uuid:967cb42c-f21a-4ba6-92be-81cd6d2b0e8d,16,yes,yes,,0,yes,0.2220387,37.4760784,4.3,1779285970149.jpg,,SavMon_LW_Plot_03,,retained
uuid:967cb42c-f21a-4ba6-92be-81cd6d2b0e8d/observations/quadrat_repeat[17],uuid:967cb42c-f21a-4ba6-92be-81cd6d2b0e8d,17,yes,yes,,0,yes,0.2220974,37.4760593,4.2,1779286647999.jpg,,SavMon_LW_Plot_03,,retained
uuid:967cb42c-f21a-4ba6-92be-81cd6d2b0e8d/observations/quadrat_repeat[18],uuid:967cb42c-f21a-4ba6-92be-81cd6d2b0e8d,18,yes,yes,,0,yes,0.2220685,37.4759653,3.2,1779286743718.jpg,,SavMon_LW_Plot_03,,retained
uuid:967cb42c-f21a-4ba6-92be-81cd6d2b0e8d/observations/quadrat_repeat[19],uuid:967cb42c-f21a-4ba6-92be-81cd6d2b0e8d,19,yes,yes,,0,yes,0.222084,37.4759181,4.3,1779286874540.jpg,,SavMon_LW_Plot_03,,retained
uuid:967cb42c-f21a-4ba6-92be-81cd6d2b0e8d/observations/quadrat_repeat[20],uuid:967cb42c-f21a-4ba6-92be-81cd6d2b0e8d,20,no,,,0,,0.22209,37.4759228,3.3,1779286950707.jpg,,SavMon_LW_Plot_03,,retained
uuid:ce4f999d-8849-42a9-a870-1205d47b1903/observations/quadrat_repeat[1],uuid:ce4f999d-8849-42a9-a870-1205d47b1903,1,yes,no,883b0fcc-8eea-4779-b237-22e299be16fc e3454aa0-e2f6-495b-9aea-90847fdd1858,2,yes,0.2231474,37.4733313,3.7,1779274554898.jpg,,SavMon_LW_Plot_22,,retained
uuid:ce4f999d-8849-42a9-a870-1205d47b1903/observations/quadrat_repeat[2],uuid:ce4f999d-8849-42a9-a870-1205d47b1903,2,yes,no,883b0fcc-8eea-4779-b237-22e299be16fc 008f3da5-910b-4d85-a844-c5ab8b75fcd8,2,yes,0.223218,37.4734446,3.5,1779274682382.jpg,,SavMon_LW_Plot_22,,retained
uuid:ce4f999d-8849-42a9-a870-1205d47b1903/observations/quadrat_repeat[3],uuid:ce4f999d-8849-42a9-a870-1205d47b1903,3,yes,yes,,0,yes,0.2232156,37.473453,3.8,1779274796322.jpg,,SavMon_LW_Plot_22,,retained
uuid:ce4f999d-8849-42a9-a870-1205d47b1903/observations/quadrat_repeat[4],uuid:ce4f999d-8849-42a9-a870-1205d47b1903,4,yes,no,d28bc79a-42b8-4cf2-991b-acd944f819fa,1,yes,0.2232463,37.4734577,4.46,1779274921062.jpg,,SavMon_LW_Plot_22,,retained
uuid:ce4f999d-8849-42a9-a870-1205d47b1903/observations/quadrat_repeat[5],uuid:ce4f999d-8849-42a9-a870-1205d47b1903,5,yes,no,d28bc79a-42b8-4cf2-991b-acd944f819fa,1,yes,0.2233184,37.4735723,2.7,1779275349758.jpg,,SavMon_LW_Plot_22,,retained
uuid:ce4f999d-8849-42a9-a870-1205d47b1903/observations/quadrat_repeat[6],uuid:ce4f999d-8849-42a9-a870-1205d47b1903,6,yes,no,883b0fcc-8eea-4779-b237-22e299be16fc d28bc79a-42b8-4cf2-991b-acd944f819fa,2,yes,0.2232991,37.47353,2.45,1779276039235.jpg,,SavMon_LW_Plot_22,,retained
uuid:ce4f999d-8849-42a9-a870-1205d47b1903/observations/quadrat_repeat[7],uuid:ce4f999d-8849-42a9-a870-1205d47b1903,7,yes,no,e3454aa0-e2f6-495b-9aea-90847fdd1858 cdc30e17-bf4f-4243-9c0b-0698d69bc373,2,no,0.2231883,37.4735646,4.45,1779276291848.jpg, ,SavMon_LW_Plot_22,,retained
uuid:ce4f999d-8849-42a9-a870-1205d47b1903/observations/quadrat_repeat[8],uuid:ce4f999d-8849-42a9-a870-1205d47b1903,8,yes,no,e3454aa0-e2f6-495b-9aea-90847fdd1858 cdc30e17-bf4f-4243-9c0b-0698d69bc373,2,yes,0.2234918,37.4736078,4.5,1779276431694.jpg,,SavMon_LW_Plot_22,,retained
uuid:ce4f999d-8849-42a9-a870-1205d47b1903/observations/quadrat_repeat[9],uuid:ce4f999d-8849-42a9-a870-1205d47b1903,9,yes,no,e3454aa0-e2f6-495b-9aea-90847fdd1858 883b0fcc-8eea-4779-b237-22e299be16fc 008f3da5-910b-4d85-a844-c5ab8b75fcd8,3,no,0.2234342,37.4736004,3.45,1779276590742.jpg,,SavMon_LW_Plot_22,,retained
uuid:ce4f999d-8849-42a9-a870-1205d47b1903/observations/quadrat_repeat[10],uuid:ce4f999d-8849-42a9-a870-1205d47b1903,10,yes,no,883b0fcc-8eea-4779-b237-22e299be16fc e3454aa0-e2f6-495b-9aea-90847fdd1858,2,yes,0.2233584,37.4737304,3.7,1779276911349.jpg,,SavMon_LW_Plot_22,,retained
uuid:ce4f999d-8849-42a9-a870-1205d47b1903/observations/quadrat_repeat[11],uuid:ce4f999d-8849-42a9-a870-1205d47b1903,11,yes,no,883b0fcc-8eea-4779-b237-22e299be16fc 8fb56826-0f75-4fd9-afc2-f995f704dbcf,2,no,0.2235106,37.4737656,2.8,1779277128411.jpg,,SavMon_LW_Plot_22,,retained
uuid:ce4f999d-8849-42a9-a870-1205d47b1903/observations/quadrat_repeat[12],uuid:ce4f999d-8849-42a9-a870-1205d47b1903,12,yes,no,883b0fcc-8eea-4779-b237-22e299be16fc 008f3da5-910b-4d85-a844-c5ab8b75fcd8,2,yes,0.2234228,37.4736964,3.2,1779277253872.jpg,,SavMon_LW_Plot_22,,retained
uuid:ce4f999d-8849-42a9-a870-1205d47b1903/observations/quadrat_repeat[13],uuid:ce4f999d-8849-42a9-a870-1205d47b1903,13,yes,no,e3454aa0-e2f6-495b-9aea-90847fdd1858 cdc30e17-bf4f-4243-9c0b-0698d69bc373,2,yes,0.2233346,37.4737039,3.5,1779277364892.jpg,,SavMon_LW_Plot_22,,retained
uuid:ce4f999d-8849-42a9-a870-1205d47b1903/observations/quadrat_repeat[14],uuid:ce4f999d-8849-42a9-a870-1205d47b1903,14,yes,no,cdc30e17-bf4f-4243-9c0b-0698d69bc373 008f3da5-910b-4d85-a844-c5ab8b75fcd8,2,yes,0.2234125,37.4737087,3.3,1779277450295.jpg,,SavMon_LW_Plot_22,,retained
uuid:ce4f999d-8849-42a9-a870-1205d47b1903/observations/quadrat_repeat[15],uuid:ce4f999d-8849-42a9-a870-1205d47b1903,15,yes,no,883b0fcc-8eea-4779-b237-22e299be16fc 972e3d35-071b-4b53-b1f6-8741e2fa6eaf,2,yes,0.2233917,37.4736146,3.25,1779277972987.jpg,,SavMon_LW_Plot_22,,retained
uuid:ce4f999d-8849-42a9-a870-1205d47b1903/observations/quadrat_repeat[16],uuid:ce4f999d-8849-42a9-a870-1205d47b1903,16,yes,no,883b0fcc-8eea-4779-b237-22e299be16fc 008f3da5-910b-4d85-a844-c5ab8b75fcd8,2,yes,0.2232783,37.4735693,3.1,1779278090585.jpg,,SavMon_LW_Plot_22,,retained
uuid:ce4f999d-8849-42a9-a870-1205d47b1903/observations/quadrat_repeat[17],uuid:ce4f999d-8849-42a9-a870-1205d47b1903,17,yes,no,d28bc79a-42b8-4cf2-991b-acd944f819fa,1,yes,0.2231103,37.4735758,4.7,1779278277859.jpg,,SavMon_LW_Plot_22,,retained
uuid:ce4f999d-8849-42a9-a870-1205d47b1903/observations/quadrat_repeat[18],uuid:ce4f999d-8849-42a9-a870-1205d47b1903,18,yes,no,d28bc79a-42b8-4cf2-991b-acd944f819fa,1,yes,0.223171,37.4734495,4.6,1779278389803.jpg,,SavMon_LW_Plot_22,,retained
uuid:ce4f999d-8849-42a9-a870-1205d47b1903/observations/quadrat_repeat[19],uuid:ce4f999d-8849-42a9-a870-1205d47b1903,19,yes,no,d28bc79a-42b8-4cf2-991b-acd944f819fa,1,no,0.2231098,37.473337,3.2,1779278622585.jpg,,SavMon_LW_Plot_22,,retained
uuid:ce4f999d-8849-42a9-a870-1205d47b1903/observations/quadrat_repeat[20],uuid:ce4f999d-8849-42a9-a870-1205d47b1903,20,yes,no,e3454aa0-e2f6-495b-9aea-90847fdd1858 cdc30e17-bf4f-4243-9c0b-0698d69bc373,2,yes,0.2232201,37.4734258,3.35,1779278736194.jpg,,SavMon_LW_Plot_22,,retained
uuid:e7de35f0-a715-47f1-885f-fd5a0d9a2907/observations/quadrat_repeat[1],uuid:e7de35f0-a715-47f1-885f-fd5a0d9a2907,1,yes,no,e3454aa0-e2f6-495b-9aea-90847fdd1858 8fb56826-0f75-4fd9-afc2-f995f704dbcf 205ebff1-7ff4-472d-8e20-9472eb0c5824 35ab514b-f152-4f49-a27b-8d8c0fdd196d,4,yes,0.229849,37.3733051,4.0,1779259502066.jpg,,SavMon_LW_Plot_12,,retained
uuid:e7de35f0-a715-47f1-885f-fd5a0d9a2907/observations/quadrat_repeat[2],uuid:e7de35f0-a715-47f1-885f-fd5a0d9a2907,2,yes,no,3c3ff64b-92fd-4d60-9022-63a7c599e108 4c3c1743-5505-4c19-8499-5f3f89bcc48f 883b0fcc-8eea-4779-b237-22e299be16fc 1dc71d7e-f47b-47f5-8dbb-7e82c9867534,4,yes,0.2298296,37.3732247,2.4,1779260232714.jpg, ,SavMon_LW_Plot_12,,retained
uuid:e7de35f0-a715-47f1-885f-fd5a0d9a2907/observations/quadrat_repeat[3],uuid:e7de35f0-a715-47f1-885f-fd5a0d9a2907,3,yes,yes,,0,yes,0.2298633,37.3733053,3.6,1779261691166.jpg,,SavMon_LW_Plot_12,,retained
uuid:e7de35f0-a715-47f1-885f-fd5a0d9a2907/observations/quadrat_repeat[4],uuid:e7de35f0-a715-47f1-885f-fd5a0d9a2907,4,yes,no,8fb56826-0f75-4fd9-afc2-f995f704dbcf 1dc71d7e-f47b-47f5-8dbb-7e82c9867534 42b6fdde-7193-48e4-8a16-488eae05fab9 7bad79fe-2bdc-435c-acab-1246afb4fc19,4,yes,0.2298576,37.3733475,3.5,1779261868373.jpg,,SavMon_LW_Plot_12,,retained
uuid:e7de35f0-a715-47f1-885f-fd5a0d9a2907/observations/quadrat_repeat[5],uuid:e7de35f0-a715-47f1-885f-fd5a0d9a2907,5,yes,no,1dc71d7e-f47b-47f5-8dbb-7e82c9867534 8fb56826-0f75-4fd9-afc2-f995f704dbcf,2,yes,0.22972,37.3733881,4.68,1779263189871.jpg,,SavMon_LW_Plot_12,,retained
uuid:e7de35f0-a715-47f1-885f-fd5a0d9a2907/observations/quadrat_repeat[6],uuid:e7de35f0-a715-47f1-885f-fd5a0d9a2907,6,yes,no,8fb56826-0f75-4fd9-afc2-f995f704dbcf 4c3c1743-5505-4c19-8499-5f3f89bcc48f,2,yes,0.2297614,37.3733779,2.55,1779263865979.jpg,,SavMon_LW_Plot_12,,retained
uuid:e7de35f0-a715-47f1-885f-fd5a0d9a2907/observations/quadrat_repeat[7],uuid:e7de35f0-a715-47f1-885f-fd5a0d9a2907,7,yes,no,883b0fcc-8eea-4779-b237-22e299be16fc c1a4c299-0f56-4c4b-92f9-b39be88b0291 8fb56826-0f75-4fd9-afc2-f995f704dbcf,3,yes,0.2298214,37.3735306,4.75,1779264179514.jpg,,SavMon_LW_Plot_12,,retained
uuid:e7de35f0-a715-47f1-885f-fd5a0d9a2907/observations/quadrat_repeat[8],uuid:e7de35f0-a715-47f1-885f-fd5a0d9a2907,8,yes,no,42b6fdde-7193-48e4-8a16-488eae05fab9,1,yes,0.229803,37.3734447,3.6,1779264733560.jpg,,SavMon_LW_Plot_12,,retained
uuid:e7de35f0-a715-47f1-885f-fd5a0d9a2907/observations/quadrat_repeat[9],uuid:e7de35f0-a715-47f1-885f-fd5a0d9a2907,9,yes,yes,,0,yes,0.2296811,37.3735071,3.5,1779265358490.jpg,,SavMon_LW_Plot_12,,retained
uuid:e7de35f0-a715-47f1-885f-fd5a0d9a2907/observations/quadrat_repeat[10],uuid:e7de35f0-a715-47f1-885f-fd5a0d9a2907,10,yes,yes,,0,yes,0.2296191,37.3735393,2.9,1779265827699.jpg,,SavMon_LW_Plot_12,,retained
uuid:e7de35f0-a715-47f1-885f-fd5a0d9a2907/observations/quadrat_repeat[11],uuid:e7de35f0-a715-47f1-885f-fd5a0d9a2907,11,yes,no,4c3c1743-5505-4c19-8499-5f3f89bcc48f 7bad79fe-2bdc-435c-acab-1246afb4fc19 8fb56826-0f75-4fd9-afc2-f995f704dbcf 883b0fcc-8eea-4779-b237-22e299be16fc,4,yes,0.229612,37.3735056,4.1,1779266010413.jpg,,SavMon_LW_Plot_12,,retained
uuid:e7de35f0-a715-47f1-885f-fd5a0d9a2907/observations/quadrat_repeat[12],uuid:e7de35f0-a715-47f1-885f-fd5a0d9a2907,12,yes,no,c1a4c299-0f56-4c4b-92f9-b39be88b0291,1,yes,0.2296523,37.3734548,3.35,1779266454262.jpg,,SavMon_LW_Plot_12,,retained
uuid:e7de35f0-a715-47f1-885f-fd5a0d9a2907/observations/quadrat_repeat[13],uuid:e7de35f0-a715-47f1-885f-fd5a0d9a2907,13,yes,no,8fb56826-0f75-4fd9-afc2-f995f704dbcf 883b0fcc-8eea-4779-b237-22e299be16fc fef04a86-9057-43e3-a920-1cc20a78d566,3,yes,0.2296771,37.3734565,3.7,1779267080962.jpg,,SavMon_LW_Plot_12,,retained
uuid:e7de35f0-a715-47f1-885f-fd5a0d9a2907/observations/quadrat_repeat[14],uuid:e7de35f0-a715-47f1-885f-fd5a0d9a2907,14,yes,no,8fb56826-0f75-4fd9-afc2-f995f704dbcf,1,yes,0.2296748,37.3733964,4.3,1779267248450.jpg,,SavMon_LW_Plot_12,,retained
uuid:e7de35f0-a715-47f1-885f-fd5a0d9a2907/observations/quadrat_repeat[15],uuid:e7de35f0-a715-47f1-885f-fd5a0d9a2907,15,yes,no,fef04a86-9057-43e3-a920-1cc20a78d566 8fb56826-0f75-4fd9-afc2-f995f704dbcf,2,yes,0.229701,37.3733657,3.8,1779267390178.jpg,,SavMon_LW_Plot_12,,retained
uuid:e7de35f0-a715-47f1-885f-fd5a0d9a2907/observations/quadrat_repeat[16],uuid:e7de35f0-a715-47f1-885f-fd5a0d9a2907,16,yes,no,8fb56826-0f75-4fd9-afc2-f995f704dbcf 883b0fcc-8eea-4779-b237-22e299be16fc 4c3c1743-5505-4c19-8499-5f3f89bcc48f 3c3ff64b-92fd-4d60-9022-63a7c599e108,4,yes,0.2297449,37.3733356,2.7,1779267634875.jpg,,SavMon_LW_Plot_12,,retained
uuid:e7de35f0-a715-47f1-885f-fd5a0d9a2907/observations/quadrat_repeat[17],uuid:e7de35f0-a715-47f1-885f-fd5a0d9a2907,17,yes,no,4c3c1743-5505-4c19-8499-5f3f89bcc48f 3c3ff64b-92fd-4d60-9022-63a7c599e108 fef04a86-9057-43e3-a920-1cc20a78d566,3,yes,0.2298221,37.3733571,3.2,1779267836006.jpg,,SavMon_LW_Plot_12,,retained
uuid:e7de35f0-a715-47f1-885f-fd5a0d9a2907/observations/quadrat_repeat[18],uuid:e7de35f0-a715-47f1-885f-fd5a0d9a2907,18,yes,no,7bad79fe-2bdc-435c-acab-1246afb4fc19 8fb56826-0f75-4fd9-afc2-f995f704dbcf 42b6fdde-7193-48e4-8a16-488eae05fab9,3,yes,0.2297354,37.3732818,4.4,1779268046631.jpg,,SavMon_LW_Plot_12,,retained
uuid:e7de35f0-a715-47f1-885f-fd5a0d9a2907/observations/quadrat_repeat[19],uuid:e7de35f0-a715-47f1-885f-fd5a0d9a2907,19,yes,no,1dc71d7e-f47b-47f5-8dbb-7e82c9867534 3c3ff64b-92fd-4d60-9022-63a7c599e108 51a3efb3-9fe9-44f9-a052-11661a7152a1,3,yes,0.229826,37.3731913,4.85,1779268265533.jpg,,SavMon_LW_Plot_12,,retained
uuid:e7de35f0-a715-47f1-885f-fd5a0d9a2907/observations/quadrat_repeat[20],uuid:e7de35f0-a715-47f1-885f-fd5a0d9a2907,20,yes,yes,,0,yes,0.2298353,37.3729972,4.714,1779268505304.jpg,,SavMon_LW_Plot_12,,retained
uuid:359a5da6-d237-4203-b838-8596bdbd4935/observations/quadrat_repeat[1],uuid:359a5da6-d237-4203-b838-8596bdbd4935,1,yes,no,7bad79fe-2bdc-435c-acab-1246afb4fc19 42b6fdde-7193-48e4-8a16-488eae05fab9 e3454aa0-e2f6-495b-9aea-90847fdd1858,3,yes,0.2278191,37.3591621,4.5,1779183093396.jpg,,SavMon_LW_Plot_08,,retained
uuid:359a5da6-d237-4203-b838-8596bdbd4935/observations/quadrat_repeat[2],uuid:359a5da6-d237-4203-b838-8596bdbd4935,2,yes,no,e3454aa0-e2f6-495b-9aea-90847fdd1858 42b6fdde-7193-48e4-8a16-488eae05fab9 7bad79fe-2bdc-435c-acab-1246afb4fc19,3,yes,0.2278158,37.3591799,4.34,1779184023165.jpg,,SavMon_LW_Plot_08,,retained
uuid:359a5da6-d237-4203-b838-8596bdbd4935/observations/quadrat_repeat[3],uuid:359a5da6-d237-4203-b838-8596bdbd4935,3,yes,no,e3454aa0-e2f6-495b-9aea-90847fdd1858 7bad79fe-2bdc-435c-acab-1246afb4fc19 f407986d-94a5-4fa9-a058-b9f183687960,3,yes,0.2277893,37.3592114,4.88,1779185462939.jpg,,SavMon_LW_Plot_08,,retained
uuid:359a5da6-d237-4203-b838-8596bdbd4935/observations/quadrat_repeat[4],uuid:359a5da6-d237-4203-b838-8596bdbd4935,4,yes,no,7bad79fe-2bdc-435c-acab-1246afb4fc19 42b6fdde-7193-48e4-8a16-488eae05fab9 883b0fcc-8eea-4779-b237-22e299be16fc f407986d-94a5-4fa9-a058-b9f183687960,4,yes,0.2278215,37.3593946,5.0,1779186409727.jpg,,SavMon_LW_Plot_08,,retained
uuid:359a5da6-d237-4203-b838-8596bdbd4935/observations/quadrat_repeat[5],uuid:359a5da6-d237-4203-b838-8596bdbd4935,5,yes,no,7bad79fe-2bdc-435c-acab-1246afb4fc19 42b6fdde-7193-48e4-8a16-488eae05fab9,2,yes,0.2278572,37.3593425,4.92,1779187190403.jpg,,SavMon_LW_Plot_08,,retained
uuid:359a5da6-d237-4203-b838-8596bdbd4935/observations/quadrat_repeat[6],uuid:359a5da6-d237-4203-b838-8596bdbd4935,6,yes,no,e3454aa0-e2f6-495b-9aea-90847fdd1858 42b6fdde-7193-48e4-8a16-488eae05fab9,2,yes,0.2277905,37.3594134,4.96,1779187394419.jpg,,SavMon_LW_Plot_08,,retained
uuid:359a5da6-d237-4203-b838-8596bdbd4935/observations/quadrat_repeat[7],uuid:359a5da6-d237-4203-b838-8596bdbd4935,7,yes,no,7bad79fe-2bdc-435c-acab-1246afb4fc19 883b0fcc-8eea-4779-b237-22e299be16fc c1a4c299-0f56-4c4b-92f9-b39be88b0291 42b6fdde-7193-48e4-8a16-488eae05fab9,4,yes,0.2277571,37.3595027,4.983,1779187780037.jpg,,SavMon_LW_Plot_08,,retained
uuid:359a5da6-d237-4203-b838-8596bdbd4935/observations/quadrat_repeat[8],uuid:359a5da6-d237-4203-b838-8596bdbd4935,8,yes,no,7bad79fe-2bdc-435c-acab-1246afb4fc19 c1a4c299-0f56-4c4b-92f9-b39be88b0291 42b6fdde-7193-48e4-8a16-488eae05fab9,3,yes,0.2276413,37.359471,5.0,1779188205766.jpg,,SavMon_LW_Plot_08,,retained
uuid:359a5da6-d237-4203-b838-8596bdbd4935/observations/quadrat_repeat[9],uuid:359a5da6-d237-4203-b838-8596bdbd4935,9,yes,no,f407986d-94a5-4fa9-a058-b9f183687960 7bad79fe-2bdc-435c-acab-1246afb4fc19 302a303f-d1c7-4d13-acc8-c5185bc2b7b4 883b0fcc-8eea-4779-b237-22e299be16fc 42b6fdde-7193-48e4-8a16-488eae05fab9,5,yes,0.2277364,37.3594815,4.9,1779188915550.jpg,,SavMon_LW_Plot_08,,retained
uuid:359a5da6-d237-4203-b838-8596bdbd4935/observations/quadrat_repeat[10],uuid:359a5da6-d237-4203-b838-8596bdbd4935,10,yes,no,7bad79fe-2bdc-435c-acab-1246afb4fc19,1,yes,0.2277084,37.35962,4.8,1779189117235.jpg,,SavMon_LW_Plot_08,,retained
uuid:359a5da6-d237-4203-b838-8596bdbd4935/observations/quadrat_repeat[11],uuid:359a5da6-d237-4203-b838-8596bdbd4935,11,yes,no,7bad79fe-2bdc-435c-acab-1246afb4fc19 42b6fdde-7193-48e4-8a16-488eae05fab9,2,yes,0.2276437,37.3596261,4.933,1779189358449.jpg,,SavMon_LW_Plot_08,,retained
uuid:359a5da6-d237-4203-b838-8596bdbd4935/observations/quadrat_repeat[12],uuid:359a5da6-d237-4203-b838-8596bdbd4935,12,yes,no,7bad79fe-2bdc-435c-acab-1246afb4fc19 42b6fdde-7193-48e4-8a16-488eae05fab9 302a303f-d1c7-4d13-acc8-c5185bc2b7b4 51a3efb3-9fe9-44f9-a052-11661a7152a1,4,yes,0.2278424,37.3595636,4.2,1779191301873.jpg,,SavMon_LW_Plot_08,,retained
uuid:359a5da6-d237-4203-b838-8596bdbd4935/observations/quadrat_repeat[13],uuid:359a5da6-d237-4203-b838-8596bdbd4935,13,yes,no,7bad79fe-2bdc-435c-acab-1246afb4fc19 42b6fdde-7193-48e4-8a16-488eae05fab9,2,yes,0.2278873,37.3595997,4.983,1779191748230.jpg,,SavMon_LW_Plot_08,,retained
uuid:359a5da6-d237-4203-b838-8596bdbd4935/observations/quadrat_repeat[14],uuid:359a5da6-d237-4203-b838-8596bdbd4935,14,yes,no,7bad79fe-2bdc-435c-acab-1246afb4fc19 42b6fdde-7193-48e4-8a16-488eae05fab9 883b0fcc-8eea-4779-b237-22e299be16fc,3,yes,0.2279477,37.3594724,4.96,1779191961957.jpg,,SavMon_LW_Plot_08,,retained
uuid:359a5da6-d237-4203-b838-8596bdbd4935/observations/quadrat_repeat[15],uuid:359a5da6-d237-4203-b838-8596bdbd4935,15,yes,no,7bad79fe-2bdc-435c-acab-1246afb4fc19 f407986d-94a5-4fa9-a058-b9f183687960 883b0fcc-8eea-4779-b237-22e299be16fc 42b6fdde-7193-48e4-8a16-488eae05fab9 4c3c1743-5505-4c19-8499-5f3f89bcc48f 8fb56826-0f75-4fd9-afc2-f995f704dbcf,6,yes,0.2278666,37.3595773,5.0,1779192463119.jpg,,SavMon_LW_Plot_08,,retained
uuid:359a5da6-d237-4203-b838-8596bdbd4935/observations/quadrat_repeat[16],uuid:359a5da6-d237-4203-b838-8596bdbd4935,16,yes,no,42b6fdde-7193-48e4-8a16-488eae05fab9 7bad79fe-2bdc-435c-acab-1246afb4fc19 4c3c1743-5505-4c19-8499-5f3f89bcc48f,3,yes,0.2277209,37.3594123,3.4,1779192818734.jpg,,SavMon_LW_Plot_08,,retained
uuid:359a5da6-d237-4203-b838-8596bdbd4935/observations/quadrat_repeat[17],uuid:359a5da6-d237-4203-b838-8596bdbd4935,17,yes,no,7bad79fe-2bdc-435c-acab-1246afb4fc19 42b6fdde-7193-48e4-8a16-488eae05fab9 883b0fcc-8eea-4779-b237-22e299be16fc,3,yes,0.2277106,37.3592732,3.3,1779193287201.jpg,,SavMon_LW_Plot_08,,retained
uuid:359a5da6-d237-4203-b838-8596bdbd4935/observations/quadrat_repeat[18],uuid:359a5da6-d237-4203-b838-8596bdbd4935,18,yes,no,7bad79fe-2bdc-435c-acab-1246afb4fc19 e3454aa0-e2f6-495b-9aea-90847fdd1858 42b6fdde-7193-48e4-8a16-488eae05fab9,3,no,0.2277858,37.3592278,4.733,1779193421665.jpg,,SavMon_LW_Plot_08,,retained
uuid:359a5da6-d237-4203-b838-8596bdbd4935/observations/quadrat_repeat[19],uuid:359a5da6-d237-4203-b838-8596bdbd4935,19,yes,no,7bad79fe-2bdc-435c-acab-1246afb4fc19 883b0fcc-8eea-4779-b237-22e299be16fc 42b6fdde-7193-48e4-8a16-488eae05fab9 8fb56826-0f75-4fd9-afc2-f995f704dbcf,4,yes,0.2277486,37.359242,4.9,1779193993455.jpg,,SavMon_LW_Plot_08,,retained
uuid:359a5da6-d237-4203-b838-8596bdbd4935/observations/quadrat_repeat[20],uuid:359a5da6-d237-4203-b838-8596bdbd4935,20,yes,no,7bad79fe-2bdc-435c-acab-1246afb4fc19,1,yes,0.227735,37.3590945,3.95,1779194263456.jpg,,SavMon_LW_Plot_08,,retained
